horizon_s,variant,feature_set,model,folds,test_rows_total,accuracy_evaluable_folds,accuracy_mean,accuracy_sd,macro_f1_evaluable_folds,macro_f1_mean,macro_f1_sd,precision_evaluable_folds,precision_mean,precision_sd,recall_evaluable_folds,recall_mean,recall_sd,f1_positive_evaluable_folds,f1_positive_mean,f1_positive_sd,roc_auc_evaluable_folds,roc_auc_mean,roc_auc_sd,pr_auc_evaluable_folds,pr_auc_mean,pr_auc_sd,brier_evaluable_folds,brier_mean,brier_sd,positive_rate_evaluable_folds,positive_rate_mean,positive_rate_sd
5,all_sessions,engineering_baseline,AlwaysNegative,5,7204,5,0.9764472610915276,0.023646133364033307,5,0.49398369163149153,0.006055348446734591,5,0.0,0.0,5,0.0,0.0,5,0.0,0.0,3,0.5,0.0,3,0.03925456484745402,0.01391857497452643,5,0.023552738908472415,0.023646133364033296,5,0.023552738908472415,0.023646133364033296
5,all_sessions,engineering_baseline,PersistenceH0,5,7204,5,0.9764472610915276,0.023646133364033307,5,0.49398369163149153,0.006055348446734591,5,0.0,0.0,5,0.0,0.0,5,0.0,0.0,3,0.5,0.0,3,0.03925456484745402,0.01391857497452643,5,0.023552738908472415,0.023646133364033296,5,0.023552738908472415,0.023646133364033296
5,all_sessions,euclidean_only,ExtraTrees,5,7204,5,0.9771196108843722,0.02193234735442593,5,0.5813035070141837,0.14014049864078001,5,0.17316138027187172,0.26576003492678035,5,0.18034412365121028,0.31028074584983106,5,0.17441351266812638,0.28449939204183333,3,0.9618267997139157,0.03173403103475236,3,0.5368732213444473,0.2513980036290861,5,0.01962188679461377,0.019191546071703234,5,0.023552738908472415,0.023646133364033296
5,all_sessions,euclidean_only,HistGradientBoosting,5,7204,5,0.9720543269258013,0.02898601159087373,5,0.6150798835981715,0.1314889916979265,5,0.31382270091135045,0.3764473199280982,5,0.2369853768278965,0.23714640128486913,5,0.244715663250135,0.2699145556354019,3,0.9515986549301134,0.039244985502626985,3,0.5573184392723627,0.2292221772203719,5,0.017252912103603142,0.015806985597560382,5,0.023552738908472415,0.023646133364033296
5,all_sessions,euclidean_only,LogisticRegression,5,7204,5,0.9704294008241734,0.028070146059843905,5,0.6276050601595835,0.1369591823705464,5,0.25057432946158076,0.2829935892115127,5,0.31492896721243174,0.3055485607058275,5,0.2707068008430552,0.28427288623030517,3,0.9518344033952651,0.03772467946929793,3,0.4302282844420184,0.2492797412341445,5,0.018650206878825296,0.0174565376733741,5,0.023552738908472415,0.023646133364033296
5,all_sessions,euclidean_only,RandomForest,5,7204,5,0.9743414512540521,0.023949253387718483,5,0.5854661867776152,0.09752994031223389,5,0.35587008997147246,0.40414861585068895,5,0.1655626380035829,0.1873378184616386,5,0.18417411048989996,0.20360473877609228,3,0.9681003871188166,0.021525696674119004,3,0.5870716364893219,0.17412115456821978,5,0.016161210149398513,0.015089489492910614,5,0.023552738908472415,0.023646133364033296
5,all_sessions,full_graph,ExtraTrees,5,7204,5,0.9794471613694486,0.020804213336250082,5,0.6022090143137186,0.1535776070161597,5,0.2303193535975375,0.33076556372218013,5,0.20163312919218432,0.29183789630321827,5,0.21500000000000002,0.3100403199585499,3,0.9595152759346114,0.03478480801656097,3,0.5191025674307413,0.2565075686995039,5,0.019539318313074018,0.019666036427630883,5,0.023552738908472415,0.023646133364033296
5,all_sessions,full_graph,HistGradientBoosting,5,7204,5,0.9790119235792467,0.0194834344085938,5,0.6496144705785073,0.15605740633606957,5,0.322699986039369,0.3491011172748146,5,0.3103112110986127,0.3137684106077846,5,0.31014591874404956,0.3201687280814132,3,0.9294572034758914,0.06241867196305333,3,0.5483166678260755,0.279568015274823,5,0.016053763231109592,0.014797662524173099,5,0.023552738908472415,0.023646133364033296
5,all_sessions,full_graph,LogisticRegression,5,7204,5,0.9687408181438253,0.028794379109110986,5,0.5971131993241896,0.09459058740639074,5,0.22341331849219773,0.241805904041737,5,0.22230054576511268,0.20560733452226218,5,0.21052064385641134,0.20304448124987834,3,0.9362944968159471,0.03967165121692101,3,0.3509566564427831,0.25017901032573114,5,0.01908576554005173,0.018088985032246402,5,0.023552738908472415,0.023646133364033296
5,all_sessions,full_graph,RandomForest,5,7204,5,0.9814372929264088,0.017384255579397507,5,0.6462136022897175,0.14236396372731444,5,0.38941667586156165,0.3950122456692982,5,0.2624688580594092,0.2708116534236668,5,0.30205348030210244,0.2936931895849809,3,0.970230669073254,0.025116141106151325,3,0.5836545225169631,0.2585060633716867,5,0.015263521899674925,0.014239089105051998,5,0.023552738908472415,0.023646133364033296
5,all_sessions,full_graph_no_soc,ExtraTrees,5,7204,5,0.9797784740402846,0.02083124889397796,5,0.6036518245870683,0.1550539489464374,5,0.2392156862745098,0.3311346169817184,5,0.205249343832021,0.30846539743205226,5,0.21772551772551774,0.3130908276332679,3,0.9629461133663444,0.03204181450854305,3,0.5804255446956207,0.21542943517864416,5,0.018640384857437298,0.019183905723452643,5,0.023552738908472415,0.023646133364033296
5,all_sessions,full_graph_no_soc,HistGradientBoosting,5,7204,5,0.9754750725547418,0.024248470047637423,5,0.6438277082913694,0.15928383131205684,5,0.2925842299536637,0.3339096756032468,5,0.3232395950506187,0.3260118034332849,5,0.3004553010577107,0.32572059520753716,3,0.9421882221304028,0.04754419783142507,3,0.540027836357953,0.29175894539781105,5,0.01628719278311615,0.014982809362548932,5,0.023552738908472415,0.023646133364033296
5,all_sessions,full_graph_no_soc,LogisticRegression,5,7204,5,0.9700212055413042,0.028464570506304455,5,0.6055176302664014,0.11622613944259642,5,0.23365836250880084,0.27205534009425825,5,0.2371036953714119,0.23202262090380782,5,0.22665638455112141,0.24238972732557756,3,0.9364038581957205,0.039756682467153866,3,0.3634959549412134,0.22419957606010957,5,0.01853552190728358,0.017563001699193493,5,0.023552738908472415,0.023646133364033296
5,all_sessions,full_graph_no_soc,RandomForest,5,7204,5,0.9845739999539713,0.014878483959433237,5,0.6737581358902647,0.17234357134560996,5,0.4014015709376534,0.3786797903449265,5,0.32480106653335,0.3338164878130757,5,0.3555309625403664,0.3516054007302438,3,0.9692252029545325,0.026064764807883282,3,0.597745798703527,0.2671297774934823,5,0.01571377139051664,0.014831614112773677,5,0.023552738908472415,0.023646133364033296
5,all_sessions,no_graph,ExtraTrees,5,7204,5,0.968970458862708,0.028571012460666262,5,0.5351355089834627,0.05411933874873794,5,0.1136431784107946,0.18035349521126356,5,0.09658792650918635,0.14734909071528124,5,0.08628357701462089,0.11818156738029598,3,0.9563830078469612,0.03138934568646554,3,0.4671303725363409,0.1738094112444253,5,0.02149209294820439,0.020292747672932872,5,0.023552738908472415,0.023646133364033296
5,all_sessions,no_graph,HistGradientBoosting,5,7204,5,0.9702324800823814,0.02953371964946741,5,0.6002032585824113,0.12684014847633512,5,0.264120082815735,0.30762058459454056,5,0.23307086614173228,0.27896570892287925,5,0.2159198716658713,0.26109385432576404,3,0.930109323085382,0.05280297069470656,3,0.46682425436160435,0.1540264127114619,5,0.018890519913524605,0.017600456660940383,5,0.023552738908472415,0.023646133364033296
5,all_sessions,no_graph,LogisticRegression,5,7204,5,0.971342171982727,0.02620719637202555,5,0.6211562411958065,0.12507319647449933,5,0.24055865921787709,0.2517234375107505,5,0.2939015956338791,0.29998172085911806,5,0.25729564553093964,0.26209020997389093,3,0.9519415861986315,0.0368890408350703,3,0.46006357258425207,0.24547920026150608,5,0.018660568846949457,0.017581366720615808,5,0.023552738908472415,0.023646133364033296
5,all_sessions,no_graph,RandomForest,5,7204,5,0.9658378357839847,0.0343397840371642,5,0.6060077809398327,0.12288895146164053,5,0.22770025839793284,0.26490731246040305,5,0.2640253301670624,0.26514878360277144,5,0.2299347020443224,0.25481876988879737,3,0.9558516398240893,0.03161631545685426,3,0.4879773655198228,0.18964382495909682,5,0.018450486821736816,0.017150536153983445,5,0.023552738908472415,0.023646133364033296
5,annotated_sessions,full_graph,ExtraTrees,4,6045,4,0.9786264222148251,0.025183385182822635,4,0.5417667684089043,0.09207432686923106,4,0.20945945945945946,0.4189189189189189,4,0.0610236220472441,0.1220472440944882,4,0.09451219512195122,0.18902439024390244,2,0.9790390782915012,0.004307822607353792,2,0.6486306404718014,0.045643555590533194,4,0.014819475893085474,0.01741533791248903,4,0.023616937440594832,0.027303699769128123
5,annotated_sessions,full_graph,HistGradientBoosting,4,6045,4,0.98341785410158,0.01915318448592862,4,0.6662118076990897,0.19240619974833983,4,0.31028368794326244,0.358296440420986,4,0.38078365204349457,0.44410877347089434,4,0.34117522145370704,0.39488095740727686,2,0.9692463663866436,0.021189408827262408,2,0.6637438332676472,0.013946726008408523,4,0.013000551897522675,0.01500536726093984,4,0.023616937440594832,0.027303699769128123
5,annotated_sessions,full_graph,LogisticRegression,4,6045,4,0.9554091954852741,0.06345420078664304,4,0.5917580819606298,0.12589470779937953,4,0.18336328780254013,0.2599348055143775,4,0.28023997000374956,0.32359533545550767,4,0.2078163205722419,0.2661429520313029,2,0.925219066041108,0.07417761294727403,2,0.40302642008568557,0.253518366453627,4,0.03477277957196366,0.04943362151654271,4,0.023616937440594832,0.027303699769128123
5,annotated_sessions,full_graph,RandomForest,4,6045,4,0.9848998082992777,0.017856287697922607,4,0.668805476108366,0.1953846078132936,4,0.3370150862068966,0.3908607592152,4,0.3549118860142482,0.4099899475481608,4,0.3455505279034691,0.3997821136491036,2,0.9830110932819189,0.0019011458179815078,2,0.7123412826159563,0.10390813660273691,4,0.010736715415390749,0.012587166169682446,4,0.023616937440594832,0.027303699769128123
5,recorded_route_only,full_graph,ExtraTrees,2,1094,2,1.0,0.0,2,0.5,0.0,2,0.0,0.0,2,0.0,0.0,2,0.0,0.0,0,,,0,,,2,1.957702206805037e-09,2.5111781412953156e-09,2,0.0,0.0
5,recorded_route_only,full_graph,HistGradientBoosting,2,1094,2,1.0,0.0,2,0.5,0.0,2,0.0,0.0,2,0.0,0.0,2,0.0,0.0,0,,,0,,,2,3.2568504305735733e-07,8.15802444608669e-08,2,0.0,0.0
5,recorded_route_only,full_graph,LogisticRegression,2,1094,2,1.0,0.0,2,0.5,0.0,2,0.0,0.0,2,0.0,0.0,2,0.0,0.0,0,,,0,,,2,1.864541627061921e-05,1.064979106339251e-05,2,0.0,0.0
5,recorded_route_only,full_graph,RandomForest,2,1094,2,1.0,0.0,2,0.5,0.0,2,0.0,0.0,2,0.0,0.0,2,0.0,0.0,0,,,0,,,2,1.0458331885437785e-08,1.057104539087159e-08,2,0.0,0.0
10,all_sessions,engineering_baseline,AlwaysNegative,5,6151,5,0.953295799036459,0.05166353019288221,5,0.48775605237564107,0.013645751952259618,5,0.0,0.0,5,0.0,0.0,5,0.0,0.0,3,0.5,0.0,3,0.07784033493923492,0.041264634469607715,5,0.04670420096354096,0.05166353019288221,5,0.04670420096354096,0.05166353019288221
10,all_sessions,engineering_baseline,PersistenceH0,5,6151,5,0.953295799036459,0.05166353019288221,5,0.48775605237564107,0.013645751952259618,5,0.0,0.0,5,0.0,0.0,5,0.0,0.0,3,0.5,0.0,3,0.07784033493923492,0.041264634469607715,5,0.04670420096354096,0.05166353019288221,5,0.04670420096354096,0.05166353019288221
10,all_sessions,euclidean_only,ExtraTrees,5,6151,5,0.943864006684823,0.05249935433513038,5,0.543073401608765,0.07478460869103411,5,0.18031120990790728,0.31673124334490993,5,0.1392110762800418,0.21376844225448952,5,0.11594554025228451,0.16101038544534008,3,0.9574734463443239,0.02638742664485895,3,0.6265552998049682,0.15063120103404717,5,0.04219679206633999,0.044494728980443696,5,0.04670420096354096,0.05166353019288221
10,all_sessions,euclidean_only,HistGradientBoosting,5,6151,5,0.9463866104423161,0.051669263599645736,5,0.560852319996954,0.10851705755727623,5,0.20272108843537415,0.36728867010785526,5,0.16852142110762802,0.23509143810279629,5,0.1502184637068358,0.22458089584289778,3,0.9451605288197072,0.04625795513242455,3,0.6742174440137442,0.19920049244234544,5,0.040507525496408,0.04069427190468187,5,0.04670420096354096,0.05166353019288221
10,all_sessions,euclidean_only,LogisticRegression,5,6151,5,0.946556111231482,0.05193380932301697,5,0.5710159219362325,0.12731873103443744,5,0.3804244981460171,0.46120912100832184,5,0.1988734326018809,0.270037447829846,5,0.1705573873449521,0.2614516144807934,3,0.951683494217717,0.035741629583766636,3,0.6354132075082317,0.23334866538558313,5,0.040061772436661994,0.04291057064516281,5,0.04670420096354096,0.05166353019288221
10,all_sessions,euclidean_only,RandomForest,5,6151,5,0.9377297611233875,0.058631425456610445,5,0.529669434704653,0.05698275096356511,5,0.182328190743338,0.3401866577457623,5,0.12800417972831765,0.2104941692319839,5,0.09256289236127022,0.12823912789880632,3,0.9498367288453848,0.030687849180885293,3,0.6339609775501233,0.11740808133266639,5,0.03988131520463519,0.04058928576287002,5,0.04670420096354096,0.05166353019288221
10,all_sessions,full_graph,ExtraTrees,5,6151,5,0.9416999070686124,0.05490245031483073,5,0.5473126082715322,0.08477320475333058,5,0.17824967824967825,0.3199123824733306,5,0.156478578892372,0.23150124736041697,5,0.12570323488045004,0.18077864516418862,3,0.9578554737979285,0.02577475677486925,3,0.650524445677255,0.12329776980230231,5,0.04184736981810826,0.045355362097142846,5,0.04670420096354096,0.05166353019288221
10,all_sessions,full_graph,HistGradientBoosting,5,6151,5,0.9588023054244978,0.04670083209150271,5,0.5843455250394797,0.12971727766609045,5,0.27954022988505745,0.41650008560696483,5,0.1546760710553814,0.21345695972987233,5,0.19045628700801115,0.26175431558541123,3,0.912103862655099,0.0821020935285455,3,0.6570971901696797,0.1817263114486534,5,0.03591111178570748,0.03823584293861148,5,0.04670420096354096,0.05166353019288221
10,all_sessions,full_graph,LogisticRegression,5,6151,5,0.9341307378923089,0.04153393116447918,5,0.578139658197069,0.09021725205602214,5,0.3161987785657998,0.3939009002221203,5,0.21252285788923722,0.23138458386161764,5,0.19146149949341437,0.19843628547815004,3,0.8921518183462847,0.06575070989206835,3,0.4776008482426655,0.2260702238321094,5,0.03876966824706301,0.03636525196937437,5,0.04670420096354096,0.05166353019288221
10,all_sessions,full_graph,RandomForest,5,6151,5,0.9468625620731868,0.05076668524138083,5,0.5551293751955344,0.09497681859839059,5,0.21195505617977525,0.3814755635756409,5,0.15386624869383492,0.22228044267138292,5,0.13845250173546217,0.19863611320191096,3,0.949690527730395,0.03571881357911459,3,0.6588385960729998,0.14223285420034587,5,0.03949622234084616,0.041760274678456694,5,0.04670420096354096,0.05166353019288221
10,all_sessions,full_graph_no_soc,ExtraTrees,5,6151,5,0.9398067080750021,0.054871272744002865,5,0.5461362956457128,0.08526507921099961,5,0.15994397759103643,0.2845902534016353,5,0.15472831765935213,0.22292108941881827,5,0.12437745199256658,0.18187543069974585,3,0.95830062954439,0.02490451819796417,3,0.6537178836194385,0.14308581009195462,5,0.040727873561202936,0.04531983288796966,5,0.04670420096354096,0.05166353019288221
10,all_sessions,full_graph_no_soc,HistGradientBoosting,5,6151,5,0.965460066291256,0.03713745215484111,5,0.6353139137123542,0.14226631839918974,5,0.4495385751199705,0.46593653684777037,5,0.23858411703239288,0.25137563207620683,5,0.28902947290939296,0.29638084837405887,3,0.9098979396962878,0.08192290556933385,3,0.6715479034348101,0.21880005802054678,5,0.035417082605985535,0.037301732585689334,5,0.04670420096354096,0.05166353019288221
10,all_sessions,full_graph_no_soc,LogisticRegression,5,6151,5,0.9295618221979198,0.03930296466152578,5,0.5988564929141285,0.11754770257692024,5,0.2843618302227574,0.34081303726463885,5,0.2544409613375131,0.23579597684811998,5,0.2355290500716724,0.24723612490874,3,0.9094030361851867,0.08053532668591956,3,0.5221881914132535,0.2295650078467414,5,0.038685107347864005,0.0308202805067594,5,0.04670420096354096,0.05166353019288221
10,all_sessions,full_graph_no_soc,RandomForest,5,6151,5,0.9512644759487848,0.04807417313919282,5,0.563161230502496,0.10249481134590277,5,0.22063674721902568,0.3729187405261925,5,0.1555903866248694,0.22357652079360366,5,0.15210627172041963,0.2121485279433198,3,0.9536004350978334,0.031472567575032466,3,0.6748331259986741,0.14498568982784307,5,0.0382784101320877,0.04176159062256179,5,0.04670420096354096,0.05166353019288221
10,all_sessions,no_graph,ExtraTrees,5,6151,5,0.9367983090390786,0.05673627025440155,5,0.5237512920711755,0.047864378771044824,5,0.12971287940935192,0.2206541889289804,5,0.12024555903866249,0.2099566769559894,5,0.08113798008534852,0.11150433859441947,3,0.9548351309354853,0.026718673521945045,3,0.5826405712283939,0.15951602524648403,5,0.043509688089949455,0.04477389075419395,5,0.04670420096354096,0.05166353019288221
10,all_sessions,no_graph,HistGradientBoosting,5,6151,5,0.9481497522695191,0.0497055038800884,5,0.6022667457660247,0.11324979698425876,5,0.35910424010967484,0.43422001917314107,5,0.23464929467084636,0.23244927988367714,5,0.2324814913923825,0.24475715460082742,3,0.874178551460061,0.13242064007315726,3,0.5794099634493385,0.22052125545730114,5,0.044608193619802075,0.0424390007518051,5,0.04670420096354096,0.05166353019288221
10,all_sessions,no_graph,LogisticRegression,5,6151,5,0.9451451085722109,0.0536958682804596,5,0.5684613534453506,0.12862716981013578,5,0.18154052898417933,0.3287844517755252,5,0.19696969696969696,0.2697650577994675,5,0.16623376623376623,0.26324902772612835,3,0.9529102469960623,0.034626095870741135,3,0.6512647575844199,0.17072934368752826,5,0.041174407203562226,0.04471754444854909,5,0.04670420096354096,0.05166353019288221
10,all_sessions,no_graph,RandomForest,5,6151,5,0.943081003420543,0.06069776231365475,5,0.6073066279948003,0.14948686167576158,5,0.28657641820625246,0.35385722605776176,5,0.2840027429467085,0.3164309896357297,5,0.24567077822049085,0.3077172247872156,3,0.9524856668912779,0.029409906733853908,3,0.5648596123210489,0.19152245585785246,5,0.03965741048784209,0.037283534316354304,5,0.04670420096354096,0.05166353019288221
10,annotated_sessions,full_graph,ExtraTrees,4,5106,4,0.959537711803317,0.04784264601393389,4,0.6187236578186717,0.1435562780283043,4,0.325271294021294,0.37594265119079867,4,0.22768498563218392,0.28937644416594005,4,0.25954216488357457,0.31011924356241627,2,0.9693365926479912,0.007629025406473711,2,0.6998592153247065,0.04948755821641595,4,0.02856237254629498,0.0340931338878746,4,0.05048551436232093,0.05885154993022004
10,annotated_sessions,full_graph,HistGradientBoosting,4,5106,4,0.9695667184415664,0.037635448301619474,4,0.6505745210626486,0.17834822733316194,4,0.4037510864841373,0.4667983484019411,4,0.26495150862068967,0.31840085463648127,4,0.3177534196788475,0.3739121062011844,2,0.9569987104163664,0.0007132351551714653,2,0.7479000835206021,0.05342380161564691,4,0.031176061504574474,0.03979113337801702,4,0.05048551436232093,0.05885154993022004
10,annotated_sessions,full_graph,LogisticRegression,4,5106,4,0.9557583022115694,0.049450872052477106,4,0.6146271525416669,0.13690372595117545,4,0.29353514132925895,0.34977766098009505,4,0.22328484195402298,0.26223492330260895,4,0.25348290536849066,0.29943671743549033,2,0.8956586625919233,0.026446450575110074,2,0.5474578220811465,0.1167684830619723,4,0.0386744817445414,0.042135677808687086,4,0.05048551436232093,0.05885154993022004
10,annotated_sessions,full_graph,RandomForest,4,5106,4,0.9674419413864611,0.038364424338852815,4,0.6464794834309043,0.16954897066774688,4,0.3780107973421927,0.43659623300795913,4,0.26400862068965514,0.3057079972908952,4,0.31078271028037385,0.359370714380869,2,0.9689696769651397,0.009479965551153043,2,0.721621482314327,0.02232595852241511,4,0.02473529962351625,0.02931629612567162,4,0.05048551436232093,0.05885154993022004
10,recorded_route_only,full_graph,ExtraTrees,2,817,2,1.0,0.0,2,0.5,0.0,2,0.0,0.0,2,0.0,0.0,2,0.0,0.0,0,,,0,,,2,1.2524288750077248e-06,1.7369307823421546e-06,2,0.0,0.0
10,recorded_route_only,full_graph,HistGradientBoosting,2,817,2,1.0,0.0,2,0.5,0.0,2,0.0,0.0,2,0.0,0.0,2,0.0,0.0,0,,,0,,,2,4.147280933720713e-07,4.297902961648057e-07,2,0.0,0.0
10,recorded_route_only,full_graph,LogisticRegression,2,817,2,1.0,0.0,2,0.5,0.0,2,0.0,0.0,2,0.0,0.0,2,0.0,0.0,0,,,0,,,2,0.0002270371922971951,0.00020591856385961297,2,0.0,0.0
10,recorded_route_only,full_graph,RandomForest,2,817,2,1.0,0.0,2,0.5,0.0,2,0.0,0.0,2,0.0,0.0,2,0.0,0.0,0,,,0,,,2,4.0385215785600297e-07,2.614597649493613e-07,2,0.0,0.0
20,all_sessions,engineering_baseline,AlwaysNegative,5,4644,5,0.8918319807093145,0.13100466382634274,5,0.4693040486071248,0.03807282062869405,5,0.0,0.0,5,0.0,0.0,5,0.0,0.0,3,0.5,0.0,3,0.18028003215114263,0.12175348000388295,5,0.10816801929068558,0.13100466382634274,5,0.10816801929068558,0.13100466382634274
20,all_sessions,engineering_baseline,PersistenceH0,5,4644,5,0.8918319807093145,0.13100466382634274,5,0.4693040486071248,0.03807282062869405,5,0.0,0.0,5,0.0,0.0,5,0.0,0.0,3,0.5,0.0,3,0.18028003215114263,0.12175348000388295,5,0.10816801929068558,0.13100466382634274,5,0.10816801929068558,0.13100466382634274
20,all_sessions,euclidean_only,ExtraTrees,5,4644,5,0.8764583237027187,0.07503364140137898,5,0.58969172590176,0.1087471192021012,5,0.33488929420553093,0.3904834322072585,5,0.26665784045230567,0.27099332497550976,5,0.25174382722279864,0.2569619002308469,3,0.857022666908999,0.034051443731576245,3,0.4949275017005899,0.23766774327515436,5,0.1010030657527888,0.05975677294611121,5,0.10816801929068558,0.13100466382634274
20,all_sessions,euclidean_only,HistGradientBoosting,5,4644,5,0.8986930167484612,0.09431367231316838,5,0.5758028713257429,0.10213921667180238,5,0.38190316453632456,0.4352777376325281,5,0.2328954270122508,0.28983472926975096,5,0.21139626274005785,0.24890513361648953,3,0.8238606244095307,0.07606306839913293,3,0.5972377035177517,0.06190280997860971,5,0.08251139984504602,0.08139448774526767,5,0.10816801929068558,0.13100466382634274
20,all_sessions,euclidean_only,LogisticRegression,5,4644,5,0.595356363129198,0.2974872071066723,5,0.42872265996691866,0.21935027130641888,5,0.2952664312039312,0.3540405675119387,5,0.24463618344403928,0.3788765699390167,5,0.15959816105129968,0.19648905063794928,3,0.833812263592622,0.06357838515373504,3,0.4612209404057978,0.17685387580370196,5,0.13782083951270258,0.06090000243357491,5,0.10816801929068558,0.13100466382634274
20,all_sessions,euclidean_only,RandomForest,5,4644,5,0.9056570866136987,0.0871207593255887,5,0.6051072216612244,0.1215638976674527,5,0.3327259182854851,0.3736849634556282,5,0.2901885279387511,0.3113151304191682,5,0.2671788885847249,0.2898553785253083,3,0.8476013829358235,0.05989129276049138,3,0.5477791993438194,0.131523958567393,5,0.08401609319897037,0.06853621542605641,5,0.10816801929068558,0.13100466382634274
20,all_sessions,full_graph,ExtraTrees,5,4644,5,0.8283162225316495,0.10548654327368222,5,0.5813286650935234,0.1342301533864409,5,0.31908549783549783,0.3715124612470074,5,0.36296898720451093,0.4217962866002408,5,0.26606415365821434,0.2766440037601572,3,0.8494793039139897,0.05577259383927057,3,0.48064147582418165,0.21508198474149987,5,0.09973405294776157,0.0632665464749193,5,0.10816801929068558,0.13100466382634274
20,all_sessions,full_graph,HistGradientBoosting,5,4644,5,0.9002314754346973,0.09255876497912466,5,0.6003332436914685,0.09766789858815941,5,0.3902409976180468,0.4375465156180872,5,0.30415765131914074,0.3596459437285792,5,0.26029995637533776,0.25160117847787605,3,0.8418994599687372,0.07322495367248001,3,0.5687817204856519,0.11364269170589412,5,0.08064837254896728,0.07706649553706296,5,0.10816801929068558,0.13100466382634274
20,all_sessions,full_graph,LogisticRegression,5,4644,5,0.6595743638429677,0.19945225936273855,5,0.5037934855102418,0.18920840332292613,5,0.25154369124945974,0.28969382401493665,5,0.31059713122815513,0.3323955868808122,5,0.23660638779193457,0.2506327168433928,3,0.7947397166098321,0.0697024723449467,3,0.38845104188673557,0.19711234694577498,5,0.12161557388394832,0.05147672936646273,5,0.10816801929068558,0.13100466382634274
20,all_sessions,full_graph,RandomForest,5,4644,5,0.8963685412322832,0.0948138824743728,5,0.5922394014914579,0.10463368644902621,5,0.33506453029594685,0.38783155058578395,5,0.27780207088206665,0.30848727358625777,5,0.2463581495609965,0.25971170964221946,3,0.8550980295200651,0.04327398452507794,3,0.5158285957275854,0.20707368845249935,5,0.08230244743560369,0.07627855786837126,5,0.10816801929068558,0.13100466382634274
20,all_sessions,full_graph_no_soc,ExtraTrees,5,4644,5,0.8385245023693862,0.09896628767572646,5,0.5977509330032971,0.13737920276606055,5,0.3371641791044776,0.38493445904331086,5,0.38240078074170464,0.414172552592757,5,0.292480129160457,0.2851730781406128,3,0.8419794603602969,0.05187177649621592,3,0.4773599261769417,0.24596763594597398,5,0.10618492235397721,0.06273180033533576,5,0.10816801929068558,0.13100466382634274
20,all_sessions,full_graph_no_soc,HistGradientBoosting,5,4644,5,0.8991002024646763,0.09253149224169091,5,0.5849772850437254,0.10022511853429902,5,0.39511170821515645,0.4514902168145192,5,0.2583160591709411,0.3123478455410945,5,0.22989579126255483,0.25043069729952444,3,0.8373085537566656,0.07884966789261522,3,0.5905862043723465,0.07358841803458344,5,0.0807950105466942,0.07479509339465897,5,0.10816801929068558,0.13100466382634274
20,all_sessions,full_graph_no_soc,LogisticRegression,5,4644,5,0.6599322610214831,0.2294526941924618,5,0.5094846554500996,0.20941916725240872,5,0.2843538677689193,0.34196154351741304,5,0.3074532336727643,0.3135336677783439,5,0.2522437614109332,0.25954797808893737,3,0.8047430383027167,0.06278004632462177,3,0.40187205267081877,0.2157570810898988,5,0.12392216168212433,0.050095588586986387,5,0.10816801929068558,0.13100466382634274
20,all_sessions,full_graph_no_soc,RandomForest,5,4644,5,0.903334415172996,0.08883046519360308,5,0.6187841444876978,0.12506180684603393,5,0.3128295028374108,0.34963744297101873,5,0.3354552813544961,0.31877482528778917,5,0.2975645026809519,0.3048851208015007,3,0.8538858384303429,0.03965980395539819,3,0.49359916601822285,0.2466974339491084,5,0.07731009946333835,0.07012154739719414,5,0.10816801929068558,0.13100466382634274
20,all_sessions,no_graph,ExtraTrees,5,4644,5,0.9034423076874247,0.08715682656628701,5,0.6058546621617046,0.10702686570225864,5,0.3410265846189793,0.3824936899990062,5,0.2757664936728652,0.2744162421900273,5,0.26946145835172014,0.2664333940289504,3,0.8251651180215234,0.06673053865898697,3,0.46731757006596536,0.22142847995261575,5,0.10037061365476867,0.0625374076319296,5,0.10816801929068558,0.13100466382634274
20,all_sessions,no_graph,HistGradientBoosting,5,4644,5,0.9015379264181556,0.10089259743065492,5,0.5804390852555402,0.07402938728974594,5,0.37981458069953644,0.41486058532541753,5,0.19937611273345338,0.21365143200997994,5,0.21875994581252725,0.20185036577266482,3,0.8151923289803965,0.08801775867139408,3,0.5209801539311082,0.17629142254263144,5,0.07852373012288752,0.07744663608119712,5,0.10816801929068558,0.13100466382634274
20,all_sessions,no_graph,LogisticRegression,5,4644,5,0.8240996498394557,0.1035994509593203,5,0.5562489572138253,0.09619376919245327,5,0.3314386763799333,0.39011243226522024,5,0.27088622757511105,0.3238620506768343,5,0.21674345509531207,0.2091631572124276,3,0.7920100068348237,0.06561590774931488,3,0.4270255669389658,0.21319002585147312,5,0.1169107136622223,0.06506614600149126,5,0.10816801929068558,0.13100466382634274
20,all_sessions,no_graph,RandomForest,5,4644,5,0.8966774003997294,0.09572535282282764,5,0.5791370090857424,0.09979859259228342,5,0.3310590498825793,0.38135217033330643,5,0.23741255743343775,0.27848200792835015,5,0.2194736446542705,0.2471328683972221,3,0.8324117581947464,0.07624252022024926,3,0.5560633266585763,0.08832209654880867,5,0.08219544014655508,0.07291847815789743,5,0.10816801929068558,0.13100466382634274
20,annotated_sessions,full_graph,ExtraTrees,4,3800,4,0.8802013613159387,0.14496324554824272,4,0.5348531693691678,0.1331291536701472,4,0.1306706114398422,0.2613412228796844,4,0.15625,0.3125,4,0.1423200859291085,0.284640171858217,2,0.8434480906374524,0.027273745568452537,2,0.6330074193315631,0.16081941196594182,4,0.07643757412989238,0.08832254094732409,4,0.12247305728871241,0.14669265550180355
20,annotated_sessions,full_graph,HistGradientBoosting,4,3800,4,0.8984669548379525,0.11835079374367413,4,0.5916088110885983,0.11037262980761213,4,0.3481961147086031,0.42389767836767733,4,0.2185263500325309,0.28140731848978817,4,0.24673247616700733,0.2899264181825915,2,0.8304167108103555,0.01950302151736089,2,0.6419613942946235,0.09950478855418715,4,0.08302772205149735,0.0949318065482829,4,0.12247305728871241,0.14669265550180355
20,annotated_sessions,full_graph,LogisticRegression,4,3800,4,0.8798273470326663,0.11826735369010684,4,0.5329510949942026,0.07610104060545443,4,0.26877637130801685,0.3491050608328145,4,0.09494279982650185,0.15045777782299943,4,0.1372807332710564,0.2092043860360753,2,0.723453688100482,0.07926770720204478,2,0.46719870444041767,0.19573862565116146,4,0.10756980644797559,0.08938366313285835,4,0.12247305728871241,0.14669265550180355
20,annotated_sessions,full_graph,RandomForest,4,3800,4,0.8932837835194711,0.12335477091823349,4,0.59318333165143,0.11005255191849651,4,0.32724476306691075,0.40291522245700095,4,0.2481159184558664,0.3231273633707567,4,0.25471813725490194,0.29756499395857294,2,0.841482754719213,0.029502286002023113,2,0.6512026687316601,0.16554090296504909,4,0.07538076454491437,0.08707652925966237,4,0.12247305728871241,0.14669265550180355
20,recorded_route_only,full_graph,ExtraTrees,2,459,2,1.0,0.0,2,0.5,0.0,2,0.0,0.0,2,0.0,0.0,2,0.0,0.0,0,,,0,,,2,0.007305185057928584,0.009732859764009786,2,0.0,0.0
20,recorded_route_only,full_graph,HistGradientBoosting,2,459,2,1.0,0.0,2,0.5,0.0,2,0.0,0.0,2,0.0,0.0,2,0.0,0.0,0,,,0,,,2,0.0022828130607423676,0.0012081412355868161,2,0.0,0.0
20,recorded_route_only,full_graph,LogisticRegression,2,459,2,0.9890710382513661,0.015455885927574827,2,0.4972375690607735,0.003906667299373181,2,0.0,0.0,2,0.0,0.0,2,0.0,0.0,0,,,0,,,2,0.010474585562719409,0.013355809283785268,2,0.0,0.0
20,recorded_route_only,full_graph,RandomForest,2,459,2,1.0,0.0,2,0.5,0.0,2,0.0,0.0,2,0.0,0.0,2,0.0,0.0,0,,,0,,,2,0.0009144472593130134,0.00016465729301143257,2,0.0,0.0
