n,positive_rate,threshold,accuracy,macro_f1,precision,recall,f1_positive,roc_auc,pr_auc,brier,tn,fp,fn,tp,test_session,model,horizon_s,calibration_source,calibration_method,fit_anchor_rows,fit_person_period_rows,calibration_anchor_rows,test_anchor_rows,n_used_features,removed_all_missing_features
2148,0.04888268156424581,0.28,0.9441340782122905,0.48563218390804597,0.0,0.0,0.0,0.2352329673915577,0.02975838312894602,0.049886802607854,2028,15,105,0,S1_LOW_SOC_STRESS,TelemetryHazard,5,session:S3_MEDIUM_SOC_WHOLETESTING,platt_sigmoid,4353,63374,1253,2148,24,command_mismatch_share_10s|command_mismatch_share_30s
1732,0.11085450346420324,0.14,0.8493071593533488,0.45925694661255073,0.0,0.0,0.0,0.23633658008658012,0.06839651002615918,0.11229952934578816,1471,69,192,0,S1_LOW_SOC_STRESS,TelemetryHazard,10,session:S3_MEDIUM_SOC_WHOLETESTING,platt_sigmoid,4353,63374,1253,1732,24,command_mismatch_share_10s|command_mismatch_share_30s
1189,0.2926829268292683,0.1,0.7073170731707317,0.4142857142857143,0.0,0.0,0.0,0.330823663673514,0.21913174240600253,0.2878477200869872,841,0,348,0,S1_LOW_SOC_STRESS,TelemetryHazard,20,session:S3_MEDIUM_SOC_WHOLETESTING,platt_sigmoid,4353,63374,1253,1189,24,command_mismatch_share_10s|command_mismatch_share_30s
2148,0.04888268156424581,0.1,0.9418063314711359,0.6060826126185603,0.3333333333333333,0.19047619047619047,0.24242424242424243,0.8970398340442393,0.2815117408752916,0.0461110871437912,2003,40,85,20,S1_LOW_SOC_STRESS,UngatedGraphHazard,5,session:S3_MEDIUM_SOC_WHOLETESTING,platt_sigmoid,4353,63374,1253,2148,44,command_mismatch_share_10s|command_mismatch_share_30s
1732,0.11085450346420324,0.1,0.8954965357967667,0.6495036464849406,0.5617977528089888,0.2604166666666667,0.35587188612099646,0.8996888528138528,0.497365120151412,0.10468268830511505,1501,39,142,50,S1_LOW_SOC_STRESS,UngatedGraphHazard,10,session:S3_MEDIUM_SOC_WHOLETESTING,platt_sigmoid,4353,63374,1253,1732,44,command_mismatch_share_10s|command_mismatch_share_30s
1189,0.2926829268292683,0.1,0.7073170731707317,0.4142857142857143,0.0,0.0,0.0,0.8050606830948378,0.6299371444892032,0.2786549294231465,841,0,348,0,S1_LOW_SOC_STRESS,UngatedGraphHazard,20,session:S3_MEDIUM_SOC_WHOLETESTING,platt_sigmoid,4353,63374,1253,1189,44,command_mismatch_share_10s|command_mismatch_share_30s
2148,0.04888268156424581,0.1,0.9511173184357542,0.6096728582974371,0.5,0.1619047619047619,0.2446043165467626,0.9417103699042026,0.39548483252354893,0.046348515388861894,2026,17,88,17,S1_LOW_SOC_STRESS,ProvenanceConditionedHazard,5,session:S3_MEDIUM_SOC_WHOLETESTING,platt_sigmoid,4353,63374,1253,2148,64,command_mismatch_share_10s|command_mismatch_share_30s
1732,0.11085450346420324,0.1,0.9047344110854504,0.6507616446391583,0.7142857142857143,0.234375,0.35294117647058826,0.9507474296536798,0.6435052126527472,0.10545898851815742,1522,18,147,45,S1_LOW_SOC_STRESS,ProvenanceConditionedHazard,10,session:S3_MEDIUM_SOC_WHOLETESTING,platt_sigmoid,4353,63374,1253,1732,64,command_mismatch_share_10s|command_mismatch_share_30s
1189,0.2926829268292683,0.1,0.7073170731707317,0.4142857142857143,0.0,0.0,0.0,0.8183129006245986,0.6719028561583357,0.27936124134213236,841,0,348,0,S1_LOW_SOC_STRESS,ProvenanceConditionedHazard,20,session:S3_MEDIUM_SOC_WHOLETESTING,platt_sigmoid,4353,63374,1253,1189,64,command_mismatch_share_10s|command_mismatch_share_30s
387,0.0,0.1,1.0,1.0,0.0,0.0,0.0,,,0.003989445447197955,387,0,0,0,S2_HIGH_SOC_CONTROL,TelemetryHazard,5,session:S1_LOW_SOC_STRESS,platt_sigmoid,5104,78311,2516,387,24,command_mismatch_share_10s|command_mismatch_share_30s
248,0.0,0.1,0.5120967741935484,0.33866666666666667,0.0,0.0,0.0,,,0.01781851303621161,127,121,0,0,S2_HIGH_SOC_CONTROL,TelemetryHazard,10,session:S1_LOW_SOC_STRESS,platt_sigmoid,5104,78311,2516,248,24,command_mismatch_share_10s|command_mismatch_share_30s
93,0.0,0.26,0.5053763440860215,0.3357142857142857,0.0,0.0,0.0,,,0.07627777883734368,47,46,0,0,S2_HIGH_SOC_CONTROL,TelemetryHazard,20,session:S1_LOW_SOC_STRESS,platt_sigmoid,5104,78311,2516,93,24,command_mismatch_share_10s|command_mismatch_share_30s
387,0.0,0.12000000000000001,1.0,1.0,0.0,0.0,0.0,,,0.00039980443356936663,387,0,0,0,S2_HIGH_SOC_CONTROL,UngatedGraphHazard,5,session:S1_LOW_SOC_STRESS,platt_sigmoid,5104,78311,2516,387,44,command_mismatch_share_10s|command_mismatch_share_30s
248,0.0,0.18000000000000002,1.0,1.0,0.0,0.0,0.0,,,0.002163385916140956,248,0,0,0,S2_HIGH_SOC_CONTROL,UngatedGraphHazard,10,session:S1_LOW_SOC_STRESS,platt_sigmoid,5104,78311,2516,248,44,command_mismatch_share_10s|command_mismatch_share_30s
93,0.0,0.30000000000000004,1.0,1.0,0.0,0.0,0.0,,,0.02903196083692915,93,0,0,0,S2_HIGH_SOC_CONTROL,UngatedGraphHazard,20,session:S1_LOW_SOC_STRESS,platt_sigmoid,5104,78311,2516,93,44,command_mismatch_share_10s|command_mismatch_share_30s
387,0.0,0.14,1.0,1.0,0.0,0.0,0.0,,,0.00022705322496212584,387,0,0,0,S2_HIGH_SOC_CONTROL,ProvenanceConditionedHazard,5,session:S1_LOW_SOC_STRESS,platt_sigmoid,5104,78311,2516,387,64,command_mismatch_share_10s|command_mismatch_share_30s
248,0.0,0.24000000000000005,1.0,1.0,0.0,0.0,0.0,,,0.0015435824227859527,248,0,0,0,S2_HIGH_SOC_CONTROL,ProvenanceConditionedHazard,10,session:S1_LOW_SOC_STRESS,platt_sigmoid,5104,78311,2516,248,64,command_mismatch_share_10s|command_mismatch_share_30s
93,0.0,0.4000000000000001,1.0,1.0,0.0,0.0,0.0,,,0.02411119607409058,93,0,0,0,S2_HIGH_SOC_CONTROL,ProvenanceConditionedHazard,20,session:S1_LOW_SOC_STRESS,platt_sigmoid,5104,78311,2516,93,64,command_mismatch_share_10s|command_mismatch_share_30s
1159,0.023295944779982744,0.12000000000000001,0.9767040552200172,0.49410737669140115,0.0,0.0,0.0,0.06654888103651355,0.01375451051693232,0.02337140943538107,1132,0,27,0,S3_MEDIUM_SOC_WHOLETESTING,TelemetryHazard,5,session:S1_LOW_SOC_STRESS,platt_sigmoid,4353,63374,2516,1159,24,command_mismatch_share_10s|command_mismatch_share_30s
1045,0.031578947368421054,0.24000000000000005,0.968421052631579,0.4919786096256685,0.0,0.0,0.0,0.07908132710504254,0.025843085596332836,0.03243429756610251,1012,0,33,0,S3_MEDIUM_SOC_WHOLETESTING,TelemetryHazard,10,session:S1_LOW_SOC_STRESS,platt_sigmoid,4353,63374,2516,1045,24,command_mismatch_share_10s|command_mismatch_share_30s
844,0.0509478672985782,0.4000000000000001,0.9490521327014217,0.4869300911854103,0.0,0.0,0.0,0.2702871410736579,0.0509478672985782,0.06116868868938444,801,0,43,0,S3_MEDIUM_SOC_WHOLETESTING,TelemetryHazard,20,session:S1_LOW_SOC_STRESS,platt_sigmoid,4353,63374,2516,844,24,command_mismatch_share_10s|command_mismatch_share_30s
1159,0.023295944779982744,0.12000000000000001,0.5349439171699741,0.38929931324388395,0.04770318021201413,1.0,0.09106239460370995,0.9158323517864153,0.14383952518070145,0.05666375068996546,593,539,0,27,S3_MEDIUM_SOC_WHOLETESTING,UngatedGraphHazard,5,session:S1_LOW_SOC_STRESS,platt_sigmoid,4353,63374,2516,1159,44,command_mismatch_share_10s|command_mismatch_share_30s
1045,0.031578947368421054,0.18000000000000002,0.23636363636363636,0.21274583106760922,0.039711191335740074,1.0,0.0763888888888889,0.8682476943346509,0.1112075901432886,0.22827910406277732,214,798,0,33,S3_MEDIUM_SOC_WHOLETESTING,UngatedGraphHazard,10,session:S1_LOW_SOC_STRESS,platt_sigmoid,4353,63374,2516,1045,44,command_mismatch_share_10s|command_mismatch_share_30s
844,0.0509478672985782,0.38000000000000006,0.08056872037914692,0.0801503345449234,0.052503052503052504,1.0,0.09976798143851508,0.616729088639201,0.0654490106544901,0.5176134563873365,25,776,0,43,S3_MEDIUM_SOC_WHOLETESTING,UngatedGraphHazard,20,session:S1_LOW_SOC_STRESS,platt_sigmoid,4353,63374,2516,844,44,command_mismatch_share_10s|command_mismatch_share_30s
1159,0.023295944779982744,0.14,0.36928386540120794,0.2959735085029562,0.03562005277044855,1.0,0.06878980891719745,0.921541683025782,0.14812509226966422,0.13286540881258763,401,731,0,27,S3_MEDIUM_SOC_WHOLETESTING,ProvenanceConditionedHazard,5,session:S1_LOW_SOC_STRESS,platt_sigmoid,4353,63374,2516,1159,64,command_mismatch_share_10s|command_mismatch_share_30s
1045,0.031578947368421054,0.14,0.05741626794258373,0.05738519344059327,0.03241650294695481,1.0,0.06279733587059944,0.866600790513834,0.10911059929831261,0.41160832943299624,27,985,0,33,S3_MEDIUM_SOC_WHOLETESTING,ProvenanceConditionedHazard,10,session:S1_LOW_SOC_STRESS,platt_sigmoid,4353,63374,2516,1045,64,command_mismatch_share_10s|command_mismatch_share_30s
844,0.0509478672985782,0.38000000000000006,0.06635071090047394,0.06516960063870819,0.05174488567990373,1.0,0.09839816933638444,0.599250936329588,0.06277372262773723,0.611619484394064,13,788,0,43,S3_MEDIUM_SOC_WHOLETESTING,ProvenanceConditionedHazard,20,session:S1_LOW_SOC_STRESS,platt_sigmoid,4353,63374,2516,844,64,command_mismatch_share_10s|command_mismatch_share_30s
2786,0.04558506819813352,0.14,0.9569274946159368,0.5722795381970032,0.7058823529411765,0.09448818897637795,0.16666666666666666,0.9473782399990524,0.5348356868513534,0.04017182645313409,2654,5,115,12,S4_SAFETY_RICH_NAVEEN12,TelemetryHazard,5,session:S3_MEDIUM_SOC_WHOLETESTING,platt_sigmoid,3861,48375,1253,2786,21,current_ma|wheel_mean|wheel_abs_diff|command_mismatch_share_10s|command_mismatch_share_30s
2547,0.09108755398508049,0.14,0.9308990969768355,0.744804689101119,0.7,0.4224137931034483,0.5268817204301075,0.959319840619647,0.6367827262477425,0.07619752307437803,2273,42,134,98,S4_SAFETY_RICH_NAVEEN12,TelemetryHazard,10,session:S3_MEDIUM_SOC_WHOLETESTING,platt_sigmoid,3861,48375,1253,2547,21,current_ma|wheel_mean|wheel_abs_diff|command_mismatch_share_10s|command_mismatch_share_30s
2150,0.1972093023255814,0.1,0.846046511627907,0.7480188328171434,0.6207792207792208,0.5636792452830188,0.5908529048207664,0.7955218741118083,0.5159422493929714,0.173960860651855,1580,146,185,239,S4_SAFETY_RICH_NAVEEN12,TelemetryHazard,20,session:S3_MEDIUM_SOC_WHOLETESTING,platt_sigmoid,3861,48375,1253,2150,21,current_ma|wheel_mean|wheel_abs_diff|command_mismatch_share_10s|command_mismatch_share_30s
2786,0.04558506819813352,0.1,0.951543431442929,0.5405285552505525,0.3333333333333333,0.06299212598425197,0.10596026490066225,0.9488292620812394,0.3642676276360427,0.042052331211147036,2643,16,119,8,S4_SAFETY_RICH_NAVEEN12,UngatedGraphHazard,5,session:S3_MEDIUM_SOC_WHOLETESTING,platt_sigmoid,3861,48375,1253,2786,41,current_ma|wheel_mean|wheel_abs_diff|command_mismatch_share_10s|command_mismatch_share_30s
2547,0.09108755398508049,0.16000000000000003,0.9089124460149195,0.5586474342120987,0.5,0.09913793103448276,0.16546762589928057,0.9360430475906755,0.4841546082969182,0.08269847595412753,2292,23,209,23,S4_SAFETY_RICH_NAVEEN12,UngatedGraphHazard,10,session:S3_MEDIUM_SOC_WHOLETESTING,platt_sigmoid,3861,48375,1253,2547,41,current_ma|wheel_mean|wheel_abs_diff|command_mismatch_share_10s|command_mismatch_share_30s
2150,0.1972093023255814,0.2,0.8344186046511628,0.6852925455367789,0.6382113821138211,0.37028301886792453,0.46865671641791046,0.768946495332211,0.5017806109282963,0.16753276386027607,1637,89,267,157,S4_SAFETY_RICH_NAVEEN12,UngatedGraphHazard,20,session:S3_MEDIUM_SOC_WHOLETESTING,platt_sigmoid,3861,48375,1253,2150,41,current_ma|wheel_mean|wheel_abs_diff|command_mismatch_share_10s|command_mismatch_share_30s
2786,0.04558506819813352,0.1,0.9544149318018664,0.48833792470156107,0.0,0.0,0.0,0.31107248299490964,0.03025301408216094,0.044168139182845685,2659,0,127,0,S4_SAFETY_RICH_NAVEEN12,ProvenanceConditionedHazard,5,session:S3_MEDIUM_SOC_WHOLETESTING,platt_sigmoid,3861,48375,1253,2786,61,current_ma|wheel_mean|wheel_abs_diff|command_mismatch_share_10s|command_mismatch_share_30s
2547,0.09108755398508049,0.1,0.9089124460149195,0.4761415055532703,0.0,0.0,0.0,0.7438295970805093,0.1898267436094039,0.08581588783916809,2315,0,232,0,S4_SAFETY_RICH_NAVEEN12,ProvenanceConditionedHazard,10,session:S3_MEDIUM_SOC_WHOLETESTING,platt_sigmoid,3861,48375,1253,2547,61,current_ma|wheel_mean|wheel_abs_diff|command_mismatch_share_10s|command_mismatch_share_30s
2150,0.1972093023255814,0.1,0.8027906976744186,0.4453044375644995,0.0,0.0,0.0,0.7929843787577341,0.4189699977988517,0.176045146960508,1726,0,424,0,S4_SAFETY_RICH_NAVEEN12,ProvenanceConditionedHazard,20,session:S3_MEDIUM_SOC_WHOLETESTING,platt_sigmoid,3861,48375,1253,2150,61,current_ma|wheel_mean|wheel_abs_diff|command_mismatch_share_10s|command_mismatch_share_30s
724,0.0,0.1,0.9419889502762431,0.4850640113798009,0.0,0.0,0.0,,,0.0044480504800545675,682,42,0,0,S5_REAL_TMS_JULY10,TelemetryHazard,5,session:S1_LOW_SOC_STRESS,platt_sigmoid,4763,71925,2516,724,24,command_mismatch_share_10s|command_mismatch_share_30s
579,0.0,0.2,0.918825561312608,0.47884788478847884,0.0,0.0,0.0,,,0.020047365419746593,532,47,0,0,S5_REAL_TMS_JULY10,TelemetryHazard,10,session:S1_LOW_SOC_STRESS,platt_sigmoid,4763,71925,2516,579,24,command_mismatch_share_10s|command_mismatch_share_30s
368,0.0,0.4000000000000001,0.7010869565217391,0.41214057507987223,0.0,0.0,0.0,,,0.11047996821457752,258,110,0,0,S5_REAL_TMS_JULY10,TelemetryHazard,20,session:S1_LOW_SOC_STRESS,platt_sigmoid,4763,71925,2516,368,24,command_mismatch_share_10s|command_mismatch_share_30s
724,0.0,0.1,1.0,1.0,0.0,0.0,0.0,,,0.0023902194259061977,724,0,0,0,S5_REAL_TMS_JULY10,UngatedGraphHazard,5,session:S1_LOW_SOC_STRESS,platt_sigmoid,4763,71925,2516,724,44,command_mismatch_share_10s|command_mismatch_share_30s
579,0.0,0.12000000000000001,1.0,1.0,0.0,0.0,0.0,,,0.012290112493221872,579,0,0,0,S5_REAL_TMS_JULY10,UngatedGraphHazard,10,session:S1_LOW_SOC_STRESS,platt_sigmoid,4763,71925,2516,579,44,command_mismatch_share_10s|command_mismatch_share_30s
368,0.0,0.30000000000000004,1.0,1.0,0.0,0.0,0.0,,,0.08566294196894896,368,0,0,0,S5_REAL_TMS_JULY10,UngatedGraphHazard,20,session:S1_LOW_SOC_STRESS,platt_sigmoid,4763,71925,2516,368,44,command_mismatch_share_10s|command_mismatch_share_30s
724,0.0,0.1,1.0,1.0,0.0,0.0,0.0,,,0.002201054083256343,724,0,0,0,S5_REAL_TMS_JULY10,ProvenanceConditionedHazard,5,session:S1_LOW_SOC_STRESS,platt_sigmoid,4763,71925,2516,724,64,command_mismatch_share_10s|command_mismatch_share_30s
579,0.0,0.14,0.9810017271157168,0.4952048823016565,0.0,0.0,0.0,,,0.012764124402511406,568,11,0,0,S5_REAL_TMS_JULY10,ProvenanceConditionedHazard,10,session:S1_LOW_SOC_STRESS,platt_sigmoid,4763,71925,2516,579,64,command_mismatch_share_10s|command_mismatch_share_30s
368,0.0,0.30000000000000004,1.0,1.0,0.0,0.0,0.0,,,0.08566294196894896,368,0,0,0,S5_REAL_TMS_JULY10,ProvenanceConditionedHazard,20,session:S1_LOW_SOC_STRESS,platt_sigmoid,4763,71925,2516,368,64,command_mismatch_share_10s|command_mismatch_share_30s
