model,transformed_feature,coefficient,abs_coefficient,test_session
TelemetryHazard,num__current_ma,-2.3535010567886756,2.3535010567886756,S1_LOW_SOC_STRESS
TelemetryHazard,num__power_w,2.0267752914625246,2.0267752914625246,S1_LOW_SOC_STRESS
TelemetryHazard,cat__hazard_bin_4,-1.680204157349177,1.680204157349177,S1_LOW_SOC_STRESS
TelemetryHazard,cat__hazard_bin_3,-1.6379770367296458,1.6379770367296458,S1_LOW_SOC_STRESS
TelemetryHazard,cat__hazard_bin_17,1.5734339309269367,1.5734339309269367,S1_LOW_SOC_STRESS
TelemetryHazard,cat__hazard_bin_18,1.5668815562730056,1.5668815562730056,S1_LOW_SOC_STRESS
TelemetryHazard,cat__hazard_bin_20,1.5658589649871288,1.5658589649871288,S1_LOW_SOC_STRESS
TelemetryHazard,cat__hazard_bin_19,1.5518108199043126,1.5518108199043126,S1_LOW_SOC_STRESS
TelemetryHazard,cat__hazard_bin_5,-1.5101488495158089,1.5101488495158089,S1_LOW_SOC_STRESS
TelemetryHazard,cat__hazard_bin_16,1.484088901502238,1.484088901502238,S1_LOW_SOC_STRESS
TelemetryHazard,cat__hazard_bin_15,1.4643433320082506,1.4643433320082506,S1_LOW_SOC_STRESS
TelemetryHazard,num__stop_share_10s,-1.4530635609600409,1.4530635609600409,S1_LOW_SOC_STRESS
TelemetryHazard,cat__hazard_bin_14,1.4529608623207833,1.4529608623207833,S1_LOW_SOC_STRESS
TelemetryHazard,num__soc,-1.4521331747196058,1.4521331747196058,S1_LOW_SOC_STRESS
TelemetryHazard,num__speed_mean_10s,-1.3739814647291166,1.3739814647291166,S1_LOW_SOC_STRESS
TelemetryHazard,cat__hazard_bin_6,-1.3714189320980041,1.3714189320980041,S1_LOW_SOC_STRESS
TelemetryHazard,cat__hazard_bin_7,-1.2212910566453592,1.2212910566453592,S1_LOW_SOC_STRESS
TelemetryHazard,cat__hazard_bin_8,-1.080794438408788,1.080794438408788,S1_LOW_SOC_STRESS
TelemetryHazard,num__wheel_mean,-0.9916223139749091,0.9916223139749091,S1_LOW_SOC_STRESS
TelemetryHazard,cat__hazard_bin_13,0.9638494178252531,0.9638494178252531,S1_LOW_SOC_STRESS
TelemetryHazard,cat__hazard_bin_9,-0.9513714390453241,0.9513714390453241,S1_LOW_SOC_STRESS
TelemetryHazard,cat__hazard_bin_2,-0.8955881820540924,0.8955881820540924,S1_LOW_SOC_STRESS
TelemetryHazard,cat__hazard_bin_1,-0.8440294450737386,0.8440294450737386,S1_LOW_SOC_STRESS
TelemetryHazard,num__speed_std_10s,-0.7994083785147047,0.7994083785147047,S1_LOW_SOC_STRESS
TelemetryHazard,num__position_confidence,0.7980399008849484,0.7980399008849484,S1_LOW_SOC_STRESS
TelemetryHazard,num__stop_share_30s,0.7879838225823086,0.7879838225823086,S1_LOW_SOC_STRESS
TelemetryHazard,cat__hazard_bin_10,-0.7846432050427169,0.7846432050427169,S1_LOW_SOC_STRESS
TelemetryHazard,num__short_causal_hold,-0.7573246341180602,0.7573246341180602,S1_LOW_SOC_STRESS
TelemetryHazard,num__observed_sample,0.7573246341180586,0.7573246341180586,S1_LOW_SOC_STRESS
TelemetryHazard,num__speed_mean_30s,0.7370062016514273,0.7370062016514273,S1_LOW_SOC_STRESS
TelemetryHazard,num__seconds_since_observed,-0.7278884316579689,0.7278884316579689,S1_LOW_SOC_STRESS
TelemetryHazard,num__power_std_10s,0.4985332875684639,0.4985332875684639,S1_LOW_SOC_STRESS
TelemetryHazard,num__stop_share_5s,0.4782913437252371,0.4782913437252371,S1_LOW_SOC_STRESS
TelemetryHazard,num__speed_mean_5s,0.3767176444819955,0.3767176444819955,S1_LOW_SOC_STRESS
TelemetryHazard,cat__hazard_bin_11,-0.36457755995987146,0.36457755995987146,S1_LOW_SOC_STRESS
TelemetryHazard,cat__hazard_bin_12,0.3413626723427812,0.3413626723427812,S1_LOW_SOC_STRESS
TelemetryHazard,num__voltage_mv,0.2817013200723505,0.2817013200723505,S1_LOW_SOC_STRESS
TelemetryHazard,num__wheel_abs_diff,-0.2798693899498308,0.2798693899498308,S1_LOW_SOC_STRESS
TelemetryHazard,num__power_mean_10s,-0.25720669057171325,0.25720669057171325,S1_LOW_SOC_STRESS
TelemetryHazard,num__soc_drop_10s,-0.1525289891467171,0.1525289891467171,S1_LOW_SOC_STRESS
TelemetryHazard,num__speed_mps,-0.14712768713093466,0.14712768713093466,S1_LOW_SOC_STRESS
TelemetryHazard,num__soc_drop_30s,0.02568028420704351,0.02568028420704351,S1_LOW_SOC_STRESS
TelemetryHazard,num__telemetry_available,0.0,0.0,S1_LOW_SOC_STRESS
UngatedGraphHazard,cat__route_source_recorded,-3.32195319657058,3.32195319657058,S1_LOW_SOC_STRESS
UngatedGraphHazard,cat__route_source_reconstructed_shortest,2.0799739753596724,2.0799739753596724,S1_LOW_SOC_STRESS
UngatedGraphHazard,cat__hazard_bin_4,-1.9332476216795864,1.9332476216795864,S1_LOW_SOC_STRESS
UngatedGraphHazard,cat__hazard_bin_3,-1.9151861982220557,1.9151861982220557,S1_LOW_SOC_STRESS
UngatedGraphHazard,cat__hazard_bin_18,1.8505406023766602,1.8505406023766602,S1_LOW_SOC_STRESS
UngatedGraphHazard,num__power_w,-1.8215953659085733,1.8215953659085733,S1_LOW_SOC_STRESS
UngatedGraphHazard,cat__hazard_bin_20,1.7798130183059595,1.7798130183059595,S1_LOW_SOC_STRESS
UngatedGraphHazard,cat__hazard_bin_17,1.7653019253063702,1.7653019253063702,S1_LOW_SOC_STRESS
UngatedGraphHazard,cat__hazard_bin_5,-1.7408252331830125,1.7408252331830125,S1_LOW_SOC_STRESS
UngatedGraphHazard,cat__hazard_bin_19,1.7406112292483407,1.7406112292483407,S1_LOW_SOC_STRESS
UngatedGraphHazard,num__current_ma,1.698626849861081,1.698626849861081,S1_LOW_SOC_STRESS
UngatedGraphHazard,cat__hazard_bin_6,-1.594405065314143,1.594405065314143,S1_LOW_SOC_STRESS
UngatedGraphHazard,cat__hazard_bin_14,1.529864397972707,1.529864397972707,S1_LOW_SOC_STRESS
UngatedGraphHazard,cat__hazard_bin_16,1.472056150994185,1.472056150994185,S1_LOW_SOC_STRESS
UngatedGraphHazard,cat__hazard_bin_7,-1.4413808756358144,1.4413808756358144,S1_LOW_SOC_STRESS
UngatedGraphHazard,cat__hazard_bin_15,1.4187630627727639,1.4187630627727639,S1_LOW_SOC_STRESS
UngatedGraphHazard,cat__hazard_bin_2,-1.31067457133655,1.31067457133655,S1_LOW_SOC_STRESS
UngatedGraphHazard,cat__hazard_bin_8,-1.2707883400048394,1.2707883400048394,S1_LOW_SOC_STRESS
UngatedGraphHazard,num__graph_remaining_m,-1.217833840477209,1.217833840477209,S1_LOW_SOC_STRESS
UngatedGraphHazard,cat__hazard_bin_1,-1.1049427225017012,1.1049427225017012,S1_LOW_SOC_STRESS
UngatedGraphHazard,cat__hazard_bin_13,0.9894303563477608,0.9894303563477608,S1_LOW_SOC_STRESS
UngatedGraphHazard,num__speed_std_10s,-0.9666195737486486,0.9666195737486486,S1_LOW_SOC_STRESS
UngatedGraphHazard,cat__hazard_bin_9,-0.9654931622652644,0.9654931622652644,S1_LOW_SOC_STRESS
UngatedGraphHazard,num__graph_progress_30s_m,-0.964650269664095,0.964650269664095,S1_LOW_SOC_STRESS
UngatedGraphHazard,num__wheel_mean,-0.903655623339583,0.903655623339583,S1_LOW_SOC_STRESS
UngatedGraphHazard,num__stop_share_30s,0.8968350450828689,0.8968350450828689,S1_LOW_SOC_STRESS
UngatedGraphHazard,num__position_confidence,0.8065601843055014,0.8065601843055014,S1_LOW_SOC_STRESS
UngatedGraphHazard,num__speed_mean_30s,0.7896736291945203,0.7896736291945203,S1_LOW_SOC_STRESS
UngatedGraphHazard,num__speed_mean_10s,-0.7407191675333847,0.7407191675333847,S1_LOW_SOC_STRESS
UngatedGraphHazard,cat__hazard_bin_10,-0.6934162112002601,0.6934162112002601,S1_LOW_SOC_STRESS
UngatedGraphHazard,num__graph_progress_10s_m,0.6451503384380911,0.6451503384380911,S1_LOW_SOC_STRESS
UngatedGraphHazard,num__euclidean_remaining_m,0.5619294622826957,0.5619294622826957,S1_LOW_SOC_STRESS
UngatedGraphHazard,num__route_completion,0.5547602856424697,0.5547602856424697,S1_LOW_SOC_STRESS
UngatedGraphHazard,num__graph_progress_5s_m,-0.5492658316264849,0.5492658316264849,S1_LOW_SOC_STRESS
UngatedGraphHazard,num__graph_progress_rate_mps,-0.5492658316264822,0.5492658316264822,S1_LOW_SOC_STRESS
UngatedGraphHazard,num__power_std_10s,0.533240237835859,0.533240237835859,S1_LOW_SOC_STRESS
UngatedGraphHazard,num__stop_share_5s,0.5312437810570528,0.5312437810570528,S1_LOW_SOC_STRESS
UngatedGraphHazard,num__node_intersection,0.4631835409050798,0.4631835409050798,S1_LOW_SOC_STRESS
UngatedGraphHazard,num__observed_sample,0.4181381939217256,0.4181381939217256,S1_LOW_SOC_STRESS
UngatedGraphHazard,num__short_causal_hold,-0.41813819392170803,0.41813819392170803,S1_LOW_SOC_STRESS
UngatedGraphHazard,cat__hazard_bin_12,0.409259922382795,0.409259922382795,S1_LOW_SOC_STRESS
UngatedGraphHazard,num__graph_progress_3s_m,0.40642402648686915,0.40642402648686915,S1_LOW_SOC_STRESS
UngatedGraphHazard,num__seconds_since_observed,-0.3870942868866652,0.3870942868866652,S1_LOW_SOC_STRESS
UngatedGraphHazard,num__node_station,-0.3510143015713349,0.3510143015713349,S1_LOW_SOC_STRESS
UngatedGraphHazard,num__edge_progress_fraction,0.3391994560750708,0.3391994560750708,S1_LOW_SOC_STRESS
UngatedGraphHazard,num__euclidean_progress_5s_m,0.32423362676634226,0.32423362676634226,S1_LOW_SOC_STRESS
UngatedGraphHazard,num__euclidean_progress_rate_mps,0.32423362676634,0.32423362676634,S1_LOW_SOC_STRESS
UngatedGraphHazard,num__node_degree,-0.3158538007564387,0.3158538007564387,S1_LOW_SOC_STRESS
UngatedGraphHazard,num__speed_mps,-0.29676329233493715,0.29676329233493715,S1_LOW_SOC_STRESS
UngatedGraphHazard,num__soc,-0.28380473473216855,0.28380473473216855,S1_LOW_SOC_STRESS
UngatedGraphHazard,num__graph_progress_1s_m,0.24148375429902327,0.24148375429902327,S1_LOW_SOC_STRESS
UngatedGraphHazard,num__node_corridor,-0.2309961968088857,0.2309961968088857,S1_LOW_SOC_STRESS
UngatedGraphHazard,cat__hazard_bin_11,-0.22725988557508756,0.22725988557508756,S1_LOW_SOC_STRESS
UngatedGraphHazard,num__soc_drop_10s,-0.2193597069730784,0.2193597069730784,S1_LOW_SOC_STRESS
UngatedGraphHazard,num__stop_share_10s,-0.21291143310006594,0.21291143310006594,S1_LOW_SOC_STRESS
UngatedGraphHazard,num__wheel_abs_diff,-0.20775912703379867,0.20775912703379867,S1_LOW_SOC_STRESS
UngatedGraphHazard,num__power_mean_10s,0.1983231935653908,0.1983231935653908,S1_LOW_SOC_STRESS
UngatedGraphHazard,num__soc_drop_30s,0.1648011617845892,0.1648011617845892,S1_LOW_SOC_STRESS
UngatedGraphHazard,num__edge_remaining_m,0.14561964588411655,0.14561964588411655,S1_LOW_SOC_STRESS
UngatedGraphHazard,num__edge_lateral_error_m,-0.11548401204017428,0.11548401204017428,S1_LOW_SOC_STRESS
UngatedGraphHazard,num__speed_mean_5s,0.06992375606127997,0.06992375606127997,S1_LOW_SOC_STRESS
UngatedGraphHazard,num__voltage_mv,-0.027712445559106343,0.027712445559106343,S1_LOW_SOC_STRESS
UngatedGraphHazard,num__edge_dwell_s,-0.009901346463828358,0.009901346463828358,S1_LOW_SOC_STRESS
UngatedGraphHazard,num__telemetry_available,0.0,0.0,S1_LOW_SOC_STRESS
ProvenanceConditionedHazard,num__power_w,-2.3014531186013674,2.3014531186013674,S1_LOW_SOC_STRESS
ProvenanceConditionedHazard,num__current_ma,2.1876183452021256,2.1876183452021256,S1_LOW_SOC_STRESS
ProvenanceConditionedHazard,cat__hazard_bin_4,-1.9284810216004689,1.9284810216004689,S1_LOW_SOC_STRESS
ProvenanceConditionedHazard,cat__hazard_bin_3,-1.9247298510134703,1.9247298510134703,S1_LOW_SOC_STRESS
ProvenanceConditionedHazard,cat__hazard_bin_19,1.7958208499497121,1.7958208499497121,S1_LOW_SOC_STRESS
ProvenanceConditionedHazard,cat__hazard_bin_20,1.7917495151799716,1.7917495151799716,S1_LOW_SOC_STRESS
ProvenanceConditionedHazard,cat__hazard_bin_5,-1.7266203100593105,1.7266203100593105,S1_LOW_SOC_STRESS
ProvenanceConditionedHazard,cat__hazard_bin_17,1.723919092263616,1.723919092263616,S1_LOW_SOC_STRESS
ProvenanceConditionedHazard,cat__hazard_bin_18,1.69710760767174,1.69710760767174,S1_LOW_SOC_STRESS
ProvenanceConditionedHazard,cat__hazard_bin_6,-1.53818039099865,1.53818039099865,S1_LOW_SOC_STRESS
ProvenanceConditionedHazard,cat__hazard_bin_16,1.5213626887121754,1.5213626887121754,S1_LOW_SOC_STRESS
ProvenanceConditionedHazard,cat__hazard_bin_14,1.4985179567073228,1.4985179567073228,S1_LOW_SOC_STRESS
ProvenanceConditionedHazard,num__stop_share_30s,1.4748216202770545,1.4748216202770545,S1_LOW_SOC_STRESS
ProvenanceConditionedHazard,cat__hazard_bin_15,1.4623881877325862,1.4623881877325862,S1_LOW_SOC_STRESS
ProvenanceConditionedHazard,cat__hazard_bin_7,-1.4028753610949902,1.4028753610949902,S1_LOW_SOC_STRESS
ProvenanceConditionedHazard,num__speed_mean_30s,1.3923622524076962,1.3923622524076962,S1_LOW_SOC_STRESS
ProvenanceConditionedHazard,num__reconstructed__graph_remaining_m,-1.275107068560642,1.275107068560642,S1_LOW_SOC_STRESS
ProvenanceConditionedHazard,cat__hazard_bin_2,-1.2235351321293737,1.2235351321293737,S1_LOW_SOC_STRESS
ProvenanceConditionedHazard,cat__hazard_bin_8,-1.2219233698717729,1.2219233698717729,S1_LOW_SOC_STRESS
ProvenanceConditionedHazard,cat__hazard_bin_1,-1.1983879408335953,1.1983879408335953,S1_LOW_SOC_STRESS
ProvenanceConditionedHazard,num__speed_mean_10s,-1.030745416959237,1.030745416959237,S1_LOW_SOC_STRESS
ProvenanceConditionedHazard,cat__hazard_bin_13,0.9993562114749039,0.9993562114749039,S1_LOW_SOC_STRESS
ProvenanceConditionedHazard,num__speed_std_10s,-0.9984855277469519,0.9984855277469519,S1_LOW_SOC_STRESS
ProvenanceConditionedHazard,cat__hazard_bin_9,-0.9480083456594018,0.9480083456594018,S1_LOW_SOC_STRESS
ProvenanceConditionedHazard,num__wheel_mean,-0.8223519630693664,0.8223519630693664,S1_LOW_SOC_STRESS
ProvenanceConditionedHazard,num__position_confidence,0.8114900966794978,0.8114900966794978,S1_LOW_SOC_STRESS
ProvenanceConditionedHazard,num__reconstructed__graph_progress_30s_m,-0.8084992545584486,0.8084992545584486,S1_LOW_SOC_STRESS
ProvenanceConditionedHazard,num__snap_distance_m,0.7871161777967405,0.7871161777967405,S1_LOW_SOC_STRESS
ProvenanceConditionedHazard,num__euclidean_remaining_m,0.7373059258001776,0.7373059258001776,S1_LOW_SOC_STRESS
ProvenanceConditionedHazard,cat__hazard_bin_10,-0.6912023098079145,0.6912023098079145,S1_LOW_SOC_STRESS
ProvenanceConditionedHazard,num__recorded__graph_remaining_m,-0.6737813339921859,0.6737813339921859,S1_LOW_SOC_STRESS
ProvenanceConditionedHazard,num__reconstructed__route_completion,0.6682230973380243,0.6682230973380243,S1_LOW_SOC_STRESS
ProvenanceConditionedHazard,num__reconstructed__node_intersection,0.6468338160155597,0.6468338160155597,S1_LOW_SOC_STRESS
ProvenanceConditionedHazard,num__reconstructed__edge_lateral_error_m,-0.6161253316615607,0.6161253316615607,S1_LOW_SOC_STRESS
ProvenanceConditionedHazard,num__route_recorded,-0.6053866108250219,0.6053866108250219,S1_LOW_SOC_STRESS
ProvenanceConditionedHazard,num__route_reconstructed,0.6053866108250087,0.6053866108250087,S1_LOW_SOC_STRESS
ProvenanceConditionedHazard,cat__route_source_reconstructed_shortest,-0.5799668568652749,0.5799668568652749,S1_LOW_SOC_STRESS
ProvenanceConditionedHazard,cat__route_source_recorded,-0.5686545036041799,0.5686545036041799,S1_LOW_SOC_STRESS
ProvenanceConditionedHazard,num__reconstructed__node_degree,-0.5542898693568773,0.5542898693568773,S1_LOW_SOC_STRESS
ProvenanceConditionedHazard,num__power_std_10s,0.5194344064565362,0.5194344064565362,S1_LOW_SOC_STRESS
ProvenanceConditionedHazard,num__recorded__edge_progress_fraction,-0.5036411213880456,0.5036411213880456,S1_LOW_SOC_STRESS
ProvenanceConditionedHazard,num__speed_mps,-0.49835431240453304,0.49835431240453304,S1_LOW_SOC_STRESS
ProvenanceConditionedHazard,num__stop_share_10s,-0.4827511382502823,0.4827511382502823,S1_LOW_SOC_STRESS
ProvenanceConditionedHazard,num__recorded__node_degree,-0.4680968518416345,0.4680968518416345,S1_LOW_SOC_STRESS
ProvenanceConditionedHazard,num__recorded__edge_remaining_m,-0.4649447544699489,0.4649447544699489,S1_LOW_SOC_STRESS
ProvenanceConditionedHazard,num__reconstructed__graph_progress_10s_m,0.4599109725453773,0.4599109725453773,S1_LOW_SOC_STRESS
ProvenanceConditionedHazard,num__recorded__node_intersection,-0.41789238770420645,0.41789238770420645,S1_LOW_SOC_STRESS
ProvenanceConditionedHazard,cat__hazard_bin_12,0.40897265608870426,0.40897265608870426,S1_LOW_SOC_STRESS
ProvenanceConditionedHazard,num__reconstructed__graph_progress_5s_m,-0.40883996318263427,0.40883996318263427,S1_LOW_SOC_STRESS
ProvenanceConditionedHazard,num__reconstructed__graph_progress_rate_mps,-0.40883996318259563,0.40883996318259563,S1_LOW_SOC_STRESS
ProvenanceConditionedHazard,num__reconstructed__graph_progress_3s_m,0.40287128202410255,0.40287128202410255,S1_LOW_SOC_STRESS
ProvenanceConditionedHazard,num__recorded__edge_dwell_s,-0.3815755658188988,0.3815755658188988,S1_LOW_SOC_STRESS
ProvenanceConditionedHazard,num__recorded__route_completion,-0.3519116032619609,0.3519116032619609,S1_LOW_SOC_STRESS
ProvenanceConditionedHazard,num__reconstructed__edge_progress_fraction,-0.32880053196936665,0.32880053196936665,S1_LOW_SOC_STRESS
ProvenanceConditionedHazard,num__recorded__node_station,-0.31647927901446676,0.31647927901446676,S1_LOW_SOC_STRESS
ProvenanceConditionedHazard,num__short_causal_hold,-0.3038737844690639,0.3038737844690639,S1_LOW_SOC_STRESS
ProvenanceConditionedHazard,num__observed_sample,0.30387378446905433,0.30387378446905433,S1_LOW_SOC_STRESS
ProvenanceConditionedHazard,num__euclidean_progress_rate_mps,0.29435811683830587,0.29435811683830587,S1_LOW_SOC_STRESS
ProvenanceConditionedHazard,num__euclidean_progress_5s_m,0.2943581168383013,0.2943581168383013,S1_LOW_SOC_STRESS
ProvenanceConditionedHazard,num__seconds_since_observed,-0.28395535202827465,0.28395535202827465,S1_LOW_SOC_STRESS
ProvenanceConditionedHazard,num__reconstructed__node_station,-0.28292826895289536,0.28292826895289536,S1_LOW_SOC_STRESS
ProvenanceConditionedHazard,num__recorded__node_corridor,-0.2619194380442212,0.2619194380442212,S1_LOW_SOC_STRESS
ProvenanceConditionedHazard,cat__hazard_bin_11,-0.2438720931812353,0.2438720931812353,S1_LOW_SOC_STRESS
ProvenanceConditionedHazard,num__stop_share_5s,0.22771754920273618,0.22771754920273618,S1_LOW_SOC_STRESS
ProvenanceConditionedHazard,num__recorded__graph_progress_30s_m,-0.21791329023998526,0.21791329023998526,S1_LOW_SOC_STRESS
ProvenanceConditionedHazard,num__recorded__edge_lateral_error_m,-0.20348974412063214,0.20348974412063214,S1_LOW_SOC_STRESS
ProvenanceConditionedHazard,num__speed_mean_5s,-0.18996189617501735,0.18996189617501735,S1_LOW_SOC_STRESS
ProvenanceConditionedHazard,num__wheel_abs_diff,-0.1760616405544738,0.1760616405544738,S1_LOW_SOC_STRESS
ProvenanceConditionedHazard,num__voltage_mv,-0.16866424147195158,0.16866424147195158,S1_LOW_SOC_STRESS
ProvenanceConditionedHazard,num__soc_drop_30s,0.14452807488592434,0.14452807488592434,S1_LOW_SOC_STRESS
ProvenanceConditionedHazard,num__soc_drop_10s,-0.13582440817445904,0.13582440817445904,S1_LOW_SOC_STRESS
ProvenanceConditionedHazard,num__reconstructed__node_corridor,0.11562352026891931,0.11562352026891931,S1_LOW_SOC_STRESS
ProvenanceConditionedHazard,num__recorded__graph_progress_10s_m,-0.10053405549880469,0.10053405549880469,S1_LOW_SOC_STRESS
ProvenanceConditionedHazard,num__reconstructed__graph_progress_1s_m,0.07864718360518831,0.07864718360518831,S1_LOW_SOC_STRESS
ProvenanceConditionedHazard,num__power_mean_10s,0.05972025363409928,0.05972025363409928,S1_LOW_SOC_STRESS
ProvenanceConditionedHazard,num__reconstructed__edge_dwell_s,-0.05266813318759297,0.05266813318759297,S1_LOW_SOC_STRESS
ProvenanceConditionedHazard,num__reconstructed__edge_remaining_m,-0.04560783630440992,0.04560783630440992,S1_LOW_SOC_STRESS
ProvenanceConditionedHazard,num__soc,-0.039623314012365386,0.039623314012365386,S1_LOW_SOC_STRESS
ProvenanceConditionedHazard,num__recorded__graph_progress_5s_m,-0.031051864346796555,0.031051864346796555,S1_LOW_SOC_STRESS
ProvenanceConditionedHazard,num__recorded__graph_progress_rate_mps,-0.03105186434679526,0.03105186434679526,S1_LOW_SOC_STRESS
ProvenanceConditionedHazard,num__recorded__graph_progress_3s_m,0.020660693807796306,0.020660693807796306,S1_LOW_SOC_STRESS
ProvenanceConditionedHazard,num__recorded__graph_progress_1s_m,0.017101075595163776,0.017101075595163776,S1_LOW_SOC_STRESS
ProvenanceConditionedHazard,num__graph_context_available,0.0,0.0,S1_LOW_SOC_STRESS
ProvenanceConditionedHazard,num__telemetry_available,0.0,0.0,S1_LOW_SOC_STRESS
TelemetryHazard,num__current_ma,-3.7710032683543435,3.7710032683543435,S2_HIGH_SOC_CONTROL
TelemetryHazard,num__power_w,3.047641685399164,3.047641685399164,S2_HIGH_SOC_CONTROL
TelemetryHazard,cat__hazard_bin_4,-1.5715905344383092,1.5715905344383092,S2_HIGH_SOC_CONTROL
TelemetryHazard,num__stop_share_10s,-1.5165464696868516,1.5165464696868516,S2_HIGH_SOC_CONTROL
TelemetryHazard,num__wheel_mean,-1.5157986526726583,1.5157986526726583,S2_HIGH_SOC_CONTROL
TelemetryHazard,cat__hazard_bin_5,-1.493767261622929,1.493767261622929,S2_HIGH_SOC_CONTROL
TelemetryHazard,cat__hazard_bin_6,-1.4101006981619575,1.4101006981619575,S2_HIGH_SOC_CONTROL
TelemetryHazard,num__speed_mean_10s,-1.3958565836017485,1.3958565836017485,S2_HIGH_SOC_CONTROL
TelemetryHazard,cat__hazard_bin_17,1.3506226293332315,1.3506226293332315,S2_HIGH_SOC_CONTROL
TelemetryHazard,cat__hazard_bin_20,1.3434510273604325,1.3434510273604325,S2_HIGH_SOC_CONTROL
TelemetryHazard,cat__hazard_bin_7,-1.3399715427449264,1.3399715427449264,S2_HIGH_SOC_CONTROL
TelemetryHazard,cat__hazard_bin_18,1.3396691219359662,1.3396691219359662,S2_HIGH_SOC_CONTROL
TelemetryHazard,cat__hazard_bin_3,-1.339074419651958,1.339074419651958,S2_HIGH_SOC_CONTROL
TelemetryHazard,num__soc,-1.3369986144257193,1.3369986144257193,S2_HIGH_SOC_CONTROL
TelemetryHazard,cat__hazard_bin_19,1.3278571812992312,1.3278571812992312,S2_HIGH_SOC_CONTROL
TelemetryHazard,cat__hazard_bin_16,1.235334898133582,1.235334898133582,S2_HIGH_SOC_CONTROL
TelemetryHazard,cat__hazard_bin_14,1.231925314985509,1.231925314985509,S2_HIGH_SOC_CONTROL
TelemetryHazard,cat__hazard_bin_15,1.2283365013063923,1.2283365013063923,S2_HIGH_SOC_CONTROL
TelemetryHazard,cat__hazard_bin_8,-1.2165301222933154,1.2165301222933154,S2_HIGH_SOC_CONTROL
TelemetryHazard,num__observed_sample,1.0952325430054053,1.0952325430054053,S2_HIGH_SOC_CONTROL
TelemetryHazard,num__short_causal_hold,-1.0952325430054022,1.0952325430054022,S2_HIGH_SOC_CONTROL
TelemetryHazard,cat__hazard_bin_9,-1.0918272767651105,1.0918272767651105,S2_HIGH_SOC_CONTROL
TelemetryHazard,num__seconds_since_observed,-1.0894689619080276,1.0894689619080276,S2_HIGH_SOC_CONTROL
TelemetryHazard,num__position_confidence,1.0576540180555867,1.0576540180555867,S2_HIGH_SOC_CONTROL
TelemetryHazard,num__stop_share_30s,0.965793388028559,0.965793388028559,S2_HIGH_SOC_CONTROL
TelemetryHazard,num__speed_mean_30s,0.9600882306883743,0.9600882306883743,S2_HIGH_SOC_CONTROL
TelemetryHazard,cat__hazard_bin_10,-0.952668796358785,0.952668796358785,S2_HIGH_SOC_CONTROL
TelemetryHazard,cat__hazard_bin_13,0.7782588536507744,0.7782588536507744,S2_HIGH_SOC_CONTROL
TelemetryHazard,num__stop_share_5s,0.7201819218796904,0.7201819218796904,S2_HIGH_SOC_CONTROL
TelemetryHazard,num__speed_std_10s,-0.6647996898745651,0.6647996898745651,S2_HIGH_SOC_CONTROL
TelemetryHazard,cat__hazard_bin_11,-0.5764676445596699,0.5764676445596699,S2_HIGH_SOC_CONTROL
TelemetryHazard,num__speed_mean_5s,0.41089075639060213,0.41089075639060213,S2_HIGH_SOC_CONTROL
TelemetryHazard,cat__hazard_bin_1,-0.3627350601621474,0.3627350601621474,S2_HIGH_SOC_CONTROL
TelemetryHazard,num__speed_mps,0.34358766481847414,0.34358766481847414,S2_HIGH_SOC_CONTROL
TelemetryHazard,num__power_std_10s,0.34218102727868854,0.34218102727868854,S2_HIGH_SOC_CONTROL
TelemetryHazard,cat__hazard_bin_2,-0.3053636288744171,0.3053636288744171,S2_HIGH_SOC_CONTROL
TelemetryHazard,num__wheel_abs_diff,-0.25281730938874586,0.25281730938874586,S2_HIGH_SOC_CONTROL
TelemetryHazard,cat__hazard_bin_12,0.1333591147569534,0.1333591147569534,S2_HIGH_SOC_CONTROL
TelemetryHazard,num__power_mean_10s,-0.08738526252365532,0.08738526252365532,S2_HIGH_SOC_CONTROL
TelemetryHazard,num__voltage_mv,0.07283953630028822,0.07283953630028822,S2_HIGH_SOC_CONTROL
TelemetryHazard,num__soc_drop_10s,-0.049262685897681006,0.049262685897681006,S2_HIGH_SOC_CONTROL
TelemetryHazard,num__soc_drop_30s,0.033988766415592064,0.033988766415592064,S2_HIGH_SOC_CONTROL
TelemetryHazard,num__telemetry_available,0.0,0.0,S2_HIGH_SOC_CONTROL
UngatedGraphHazard,cat__route_source_recorded,-3.725049539742031,3.725049539742031,S2_HIGH_SOC_CONTROL
UngatedGraphHazard,cat__route_source_reconstructed_shortest,1.8074844876909077,1.8074844876909077,S2_HIGH_SOC_CONTROL
UngatedGraphHazard,cat__hazard_bin_4,-1.6837211929938063,1.6837211929938063,S2_HIGH_SOC_CONTROL
UngatedGraphHazard,cat__hazard_bin_5,-1.6397683099801938,1.6397683099801938,S2_HIGH_SOC_CONTROL
UngatedGraphHazard,cat__hazard_bin_6,-1.5881714851466278,1.5881714851466278,S2_HIGH_SOC_CONTROL
UngatedGraphHazard,cat__hazard_bin_18,1.5370183650526263,1.5370183650526263,S2_HIGH_SOC_CONTROL
UngatedGraphHazard,cat__hazard_bin_7,-1.5262226601650712,1.5262226601650712,S2_HIGH_SOC_CONTROL
UngatedGraphHazard,cat__hazard_bin_19,1.4909924876503795,1.4909924876503795,S2_HIGH_SOC_CONTROL
UngatedGraphHazard,cat__hazard_bin_20,1.4854842109395299,1.4854842109395299,S2_HIGH_SOC_CONTROL
UngatedGraphHazard,cat__hazard_bin_17,1.4679103440433066,1.4679103440433066,S2_HIGH_SOC_CONTROL
UngatedGraphHazard,cat__hazard_bin_3,-1.466150784091244,1.466150784091244,S2_HIGH_SOC_CONTROL
UngatedGraphHazard,cat__hazard_bin_8,-1.4140491424437687,1.4140491424437687,S2_HIGH_SOC_CONTROL
UngatedGraphHazard,cat__hazard_bin_14,1.1975257571624316,1.1975257571624316,S2_HIGH_SOC_CONTROL
UngatedGraphHazard,cat__hazard_bin_16,1.1904019746147185,1.1904019746147185,S2_HIGH_SOC_CONTROL
UngatedGraphHazard,cat__hazard_bin_15,1.1614594140902157,1.1614594140902157,S2_HIGH_SOC_CONTROL
UngatedGraphHazard,cat__hazard_bin_9,-1.1471957460208078,1.1471957460208078,S2_HIGH_SOC_CONTROL
UngatedGraphHazard,num__speed_mean_10s,-1.0846531588896018,1.0846531588896018,S2_HIGH_SOC_CONTROL
UngatedGraphHazard,num__position_confidence,1.0796207500018227,1.0796207500018227,S2_HIGH_SOC_CONTROL
UngatedGraphHazard,num__graph_progress_30s_m,-1.0333293634164953,1.0333293634164953,S2_HIGH_SOC_CONTROL
UngatedGraphHazard,num__graph_progress_10s_m,0.9603362575045777,0.9603362575045777,S2_HIGH_SOC_CONTROL
UngatedGraphHazard,num__speed_mean_30s,0.9510846637331545,0.9510846637331545,S2_HIGH_SOC_CONTROL
UngatedGraphHazard,num__stop_share_30s,0.940947678967202,0.940947678967202,S2_HIGH_SOC_CONTROL
UngatedGraphHazard,cat__hazard_bin_10,-0.8819566625728871,0.8819566625728871,S2_HIGH_SOC_CONTROL
UngatedGraphHazard,num__stop_share_5s,0.8415353744492512,0.8415353744492512,S2_HIGH_SOC_CONTROL
UngatedGraphHazard,num__speed_std_10s,-0.8093202111870904,0.8093202111870904,S2_HIGH_SOC_CONTROL
UngatedGraphHazard,cat__hazard_bin_13,0.7616796250986081,0.7616796250986081,S2_HIGH_SOC_CONTROL
UngatedGraphHazard,num__wheel_mean,-0.7066159443774518,0.7066159443774518,S2_HIGH_SOC_CONTROL
UngatedGraphHazard,num__soc,0.6501088587844415,0.6501088587844415,S2_HIGH_SOC_CONTROL
UngatedGraphHazard,num__power_w,-0.6233060321242927,0.6233060321242927,S2_HIGH_SOC_CONTROL
UngatedGraphHazard,num__stop_share_10s,-0.5647812707605518,0.5647812707605518,S2_HIGH_SOC_CONTROL
UngatedGraphHazard,cat__hazard_bin_2,-0.5007441935480946,0.5007441935480946,S2_HIGH_SOC_CONTROL
UngatedGraphHazard,num__route_completion,0.47625313408624487,0.47625313408624487,S2_HIGH_SOC_CONTROL
UngatedGraphHazard,num__power_mean_10s,0.4683835268583165,0.4683835268583165,S2_HIGH_SOC_CONTROL
UngatedGraphHazard,num__graph_progress_5s_m,-0.44655439529925134,0.44655439529925134,S2_HIGH_SOC_CONTROL
UngatedGraphHazard,num__graph_progress_rate_mps,-0.4465543952992105,0.4465543952992105,S2_HIGH_SOC_CONTROL
UngatedGraphHazard,cat__hazard_bin_11,-0.42491762547539025,0.42491762547539025,S2_HIGH_SOC_CONTROL
UngatedGraphHazard,num__power_std_10s,0.4013629568401589,0.4013629568401589,S2_HIGH_SOC_CONTROL
UngatedGraphHazard,num__euclidean_remaining_m,-0.3881222224095573,0.3881222224095573,S2_HIGH_SOC_CONTROL
UngatedGraphHazard,num__node_intersection,0.3542101459650604,0.3542101459650604,S2_HIGH_SOC_CONTROL
UngatedGraphHazard,num__short_causal_hold,-0.3459341069639499,0.3459341069639499,S2_HIGH_SOC_CONTROL
UngatedGraphHazard,num__observed_sample,0.34593410696394544,0.34593410696394544,S2_HIGH_SOC_CONTROL
UngatedGraphHazard,num__seconds_since_observed,-0.3421047454329801,0.3421047454329801,S2_HIGH_SOC_CONTROL
UngatedGraphHazard,num__speed_mps,-0.34149320630714913,0.34149320630714913,S2_HIGH_SOC_CONTROL
UngatedGraphHazard,num__current_ma,0.32615493485149116,0.32615493485149116,S2_HIGH_SOC_CONTROL
UngatedGraphHazard,num__edge_lateral_error_m,-0.3237585565226185,0.3237585565226185,S2_HIGH_SOC_CONTROL
UngatedGraphHazard,num__node_degree,-0.28448029688389587,0.28448029688389587,S2_HIGH_SOC_CONTROL
UngatedGraphHazard,num__euclidean_progress_rate_mps,0.2469649863150921,0.2469649863150921,S2_HIGH_SOC_CONTROL
UngatedGraphHazard,num__euclidean_progress_5s_m,0.24696498631507066,0.24696498631507066,S2_HIGH_SOC_CONTROL
UngatedGraphHazard,num__node_station,-0.22832786469444255,0.22832786469444255,S2_HIGH_SOC_CONTROL
UngatedGraphHazard,num__soc_drop_30s,0.2178818528017281,0.2178818528017281,S2_HIGH_SOC_CONTROL
UngatedGraphHazard,cat__hazard_bin_12,0.21741679318990784,0.21741679318990784,S2_HIGH_SOC_CONTROL
UngatedGraphHazard,num__node_corridor,-0.2066386002382887,0.2066386002382887,S2_HIGH_SOC_CONTROL
UngatedGraphHazard,num__graph_progress_3s_m,0.1828286311779165,0.1828286311779165,S2_HIGH_SOC_CONTROL
UngatedGraphHazard,num__speed_mean_5s,0.1551160393278785,0.1551160393278785,S2_HIGH_SOC_CONTROL
UngatedGraphHazard,cat__hazard_bin_1,-0.15455622145503864,0.15455622145503864,S2_HIGH_SOC_CONTROL
UngatedGraphHazard,num__graph_progress_1s_m,0.15385382635733283,0.15385382635733283,S2_HIGH_SOC_CONTROL
UngatedGraphHazard,num__soc_drop_10s,-0.1429353758899088,0.1429353758899088,S2_HIGH_SOC_CONTROL
UngatedGraphHazard,num__edge_progress_fraction,0.123414251674063,0.123414251674063,S2_HIGH_SOC_CONTROL
UngatedGraphHazard,num__edge_remaining_m,0.11951184917584763,0.11951184917584763,S2_HIGH_SOC_CONTROL
UngatedGraphHazard,num__wheel_abs_diff,-0.11589973814340811,0.11589973814340811,S2_HIGH_SOC_CONTROL
UngatedGraphHazard,num__voltage_mv,-0.11347913787206827,0.11347913787206827,S2_HIGH_SOC_CONTROL
UngatedGraphHazard,num__edge_dwell_s,0.07935587151588741,0.07935587151588741,S2_HIGH_SOC_CONTROL
UngatedGraphHazard,num__graph_remaining_m,0.024395474716512353,0.024395474716512353,S2_HIGH_SOC_CONTROL
UngatedGraphHazard,num__telemetry_available,0.0,0.0,S2_HIGH_SOC_CONTROL
ProvenanceConditionedHazard,cat__hazard_bin_4,-1.6817683047358425,1.6817683047358425,S2_HIGH_SOC_CONTROL
ProvenanceConditionedHazard,cat__hazard_bin_5,-1.6164617579779925,1.6164617579779925,S2_HIGH_SOC_CONTROL
ProvenanceConditionedHazard,cat__hazard_bin_19,1.5890440633127298,1.5890440633127298,S2_HIGH_SOC_CONTROL
ProvenanceConditionedHazard,cat__hazard_bin_20,1.5761627007884191,1.5761627007884191,S2_HIGH_SOC_CONTROL
ProvenanceConditionedHazard,cat__hazard_bin_6,-1.5210352683161172,1.5210352683161172,S2_HIGH_SOC_CONTROL
ProvenanceConditionedHazard,cat__hazard_bin_17,1.492784703762976,1.492784703762976,S2_HIGH_SOC_CONTROL
ProvenanceConditionedHazard,num__speed_mean_30s,1.480909366363724,1.480909366363724,S2_HIGH_SOC_CONTROL
ProvenanceConditionedHazard,cat__hazard_bin_18,1.4735803192787589,1.4735803192787589,S2_HIGH_SOC_CONTROL
ProvenanceConditionedHazard,num__stop_share_30s,1.4709110358481052,1.4709110358481052,S2_HIGH_SOC_CONTROL
ProvenanceConditionedHazard,cat__hazard_bin_7,-1.4706291382063923,1.4706291382063923,S2_HIGH_SOC_CONTROL
ProvenanceConditionedHazard,cat__hazard_bin_3,-1.4693897505033977,1.4693897505033977,S2_HIGH_SOC_CONTROL
ProvenanceConditionedHazard,num__speed_mean_10s,-1.3732982322060512,1.3732982322060512,S2_HIGH_SOC_CONTROL
ProvenanceConditionedHazard,cat__hazard_bin_8,-1.344921522395361,1.344921522395361,S2_HIGH_SOC_CONTROL
ProvenanceConditionedHazard,cat__hazard_bin_16,1.2359311893060112,1.2359311893060112,S2_HIGH_SOC_CONTROL
ProvenanceConditionedHazard,cat__hazard_bin_14,1.2176666709320947,1.2176666709320947,S2_HIGH_SOC_CONTROL
ProvenanceConditionedHazard,cat__hazard_bin_15,1.20496302527813,1.20496302527813,S2_HIGH_SOC_CONTROL
ProvenanceConditionedHazard,cat__hazard_bin_9,-1.0983987510512154,1.0983987510512154,S2_HIGH_SOC_CONTROL
ProvenanceConditionedHazard,num__position_confidence,1.074664293490496,1.074664293490496,S2_HIGH_SOC_CONTROL
ProvenanceConditionedHazard,num__reconstructed__graph_progress_30s_m,-1.0397436825273787,1.0397436825273787,S2_HIGH_SOC_CONTROL
ProvenanceConditionedHazard,cat__route_source_reconstructed_shortest,-0.9321582821840646,0.9321582821840646,S2_HIGH_SOC_CONTROL
ProvenanceConditionedHazard,num__reconstructed__graph_progress_10s_m,0.8714203582444344,0.8714203582444344,S2_HIGH_SOC_CONTROL
ProvenanceConditionedHazard,num__speed_std_10s,-0.858725848357075,0.858725848357075,S2_HIGH_SOC_CONTROL
ProvenanceConditionedHazard,cat__hazard_bin_10,-0.8521065408596361,0.8521065408596361,S2_HIGH_SOC_CONTROL
ProvenanceConditionedHazard,cat__hazard_bin_13,0.8049071622735349,0.8049071622735349,S2_HIGH_SOC_CONTROL
ProvenanceConditionedHazard,num__stop_share_10s,-0.7751428583444239,0.7751428583444239,S2_HIGH_SOC_CONTROL
ProvenanceConditionedHazard,num__reconstructed__edge_lateral_error_m,-0.745712268871518,0.745712268871518,S2_HIGH_SOC_CONTROL
ProvenanceConditionedHazard,num__soc,0.7243238177574344,0.7243238177574344,S2_HIGH_SOC_CONTROL
ProvenanceConditionedHazard,num__power_w,-0.703805783821595,0.703805783821595,S2_HIGH_SOC_CONTROL
ProvenanceConditionedHazard,num__snap_distance_m,0.668082426067911,0.668082426067911,S2_HIGH_SOC_CONTROL
ProvenanceConditionedHazard,num__wheel_mean,-0.5961358650838171,0.5961358650838171,S2_HIGH_SOC_CONTROL
ProvenanceConditionedHazard,num__stop_share_5s,0.5839890354709429,0.5839890354709429,S2_HIGH_SOC_CONTROL
ProvenanceConditionedHazard,num__reconstructed__route_completion,0.5760931346625728,0.5760931346625728,S2_HIGH_SOC_CONTROL
ProvenanceConditionedHazard,num__speed_mps,-0.5315425241020303,0.5315425241020303,S2_HIGH_SOC_CONTROL
ProvenanceConditionedHazard,num__euclidean_remaining_m,-0.46721271418041144,0.46721271418041144,S2_HIGH_SOC_CONTROL
ProvenanceConditionedHazard,num__reconstructed__node_intersection,0.4532844780742248,0.4532844780742248,S2_HIGH_SOC_CONTROL
ProvenanceConditionedHazard,num__reconstructed__node_degree,-0.449239193395643,0.449239193395643,S2_HIGH_SOC_CONTROL
ProvenanceConditionedHazard,cat__hazard_bin_2,-0.4435376285152069,0.4435376285152069,S2_HIGH_SOC_CONTROL
ProvenanceConditionedHazard,num__current_ma,0.4238295945300025,0.4238295945300025,S2_HIGH_SOC_CONTROL
ProvenanceConditionedHazard,cat__hazard_bin_11,-0.4116100182908702,0.4116100182908702,S2_HIGH_SOC_CONTROL
ProvenanceConditionedHazard,num__power_mean_10s,0.41001798070021306,0.41001798070021306,S2_HIGH_SOC_CONTROL
ProvenanceConditionedHazard,num__route_recorded,-0.3944490429518825,0.3944490429518825,S2_HIGH_SOC_CONTROL
ProvenanceConditionedHazard,num__route_reconstructed,0.3944490429518796,0.3944490429518796,S2_HIGH_SOC_CONTROL
ProvenanceConditionedHazard,num__power_std_10s,0.38731784145751175,0.38731784145751175,S2_HIGH_SOC_CONTROL
ProvenanceConditionedHazard,num__recorded__edge_progress_fraction,-0.37410102314371513,0.37410102314371513,S2_HIGH_SOC_CONTROL
ProvenanceConditionedHazard,num__reconstructed__graph_progress_5s_m,-0.3720820699157417,0.3720820699157417,S2_HIGH_SOC_CONTROL
ProvenanceConditionedHazard,num__reconstructed__graph_progress_rate_mps,-0.3720820699157085,0.3720820699157085,S2_HIGH_SOC_CONTROL
ProvenanceConditionedHazard,num__recorded__node_degree,-0.3377083870161555,0.3377083870161555,S2_HIGH_SOC_CONTROL
ProvenanceConditionedHazard,num__recorded__graph_remaining_m,-0.3292717735338391,0.3292717735338391,S2_HIGH_SOC_CONTROL
ProvenanceConditionedHazard,cat__route_source_recorded,-0.32242142066143,0.32242142066143,S2_HIGH_SOC_CONTROL
ProvenanceConditionedHazard,num__recorded__route_completion,-0.3126872317564641,0.3126872317564641,S2_HIGH_SOC_CONTROL
ProvenanceConditionedHazard,num__recorded__node_intersection,-0.29351992253529635,0.29351992253529635,S2_HIGH_SOC_CONTROL
ProvenanceConditionedHazard,num__reconstructed__edge_progress_fraction,-0.29340232359276264,0.29340232359276264,S2_HIGH_SOC_CONTROL
ProvenanceConditionedHazard,num__recorded__edge_dwell_s,-0.28848049618416527,0.28848049618416527,S2_HIGH_SOC_CONTROL
ProvenanceConditionedHazard,num__euclidean_progress_rate_mps,0.2638441895882657,0.2638441895882657,S2_HIGH_SOC_CONTROL
ProvenanceConditionedHazard,num__euclidean_progress_5s_m,0.26384418958822453,0.26384418958822453,S2_HIGH_SOC_CONTROL
ProvenanceConditionedHazard,cat__hazard_bin_12,0.2496002295507006,0.2496002295507006,S2_HIGH_SOC_CONTROL
ProvenanceConditionedHazard,num__observed_sample,0.24791794912673207,0.24791794912673207,S2_HIGH_SOC_CONTROL
ProvenanceConditionedHazard,num__short_causal_hold,-0.24791794912672233,0.24791794912672233,S2_HIGH_SOC_CONTROL
ProvenanceConditionedHazard,num__seconds_since_observed,-0.2458355972117148,0.2458355972117148,S2_HIGH_SOC_CONTROL
ProvenanceConditionedHazard,num__reconstructed__node_station,-0.2417588178433882,0.2417588178433882,S2_HIGH_SOC_CONTROL
ProvenanceConditionedHazard,num__voltage_mv,-0.23244218483713824,0.23244218483713824,S2_HIGH_SOC_CONTROL
ProvenanceConditionedHazard,num__soc_drop_30s,0.20544553142995778,0.20544553142995778,S2_HIGH_SOC_CONTROL
ProvenanceConditionedHazard,num__recorded__edge_remaining_m,-0.1897577713438722,0.1897577713438722,S2_HIGH_SOC_CONTROL
ProvenanceConditionedHazard,cat__hazard_bin_1,-0.18936108647687747,0.18936108647687747,S2_HIGH_SOC_CONTROL
ProvenanceConditionedHazard,num__recorded__node_corridor,-0.18665858712468364,0.18665858712468364,S2_HIGH_SOC_CONTROL
ProvenanceConditionedHazard,num__reconstructed__graph_progress_3s_m,0.1861426347065353,0.1861426347065353,S2_HIGH_SOC_CONTROL
ProvenanceConditionedHazard,num__recorded__edge_lateral_error_m,-0.18039290131670943,0.18039290131670943,S2_HIGH_SOC_CONTROL
ProvenanceConditionedHazard,num__reconstructed__graph_remaining_m,0.17804454432894645,0.17804454432894645,S2_HIGH_SOC_CONTROL
ProvenanceConditionedHazard,num__recorded__node_station,-0.17632194821856345,0.17632194821856345,S2_HIGH_SOC_CONTROL
ProvenanceConditionedHazard,num__recorded__graph_progress_30s_m,-0.16417303055742488,0.16417303055742488,S2_HIGH_SOC_CONTROL
ProvenanceConditionedHazard,num__speed_mean_5s,-0.11809975420685735,0.11809975420685735,S2_HIGH_SOC_CONTROL
ProvenanceConditionedHazard,num__recorded__graph_progress_10s_m,-0.1031944491245598,0.1031944491245598,S2_HIGH_SOC_CONTROL
ProvenanceConditionedHazard,num__soc_drop_10s,-0.09821521934600108,0.09821521934600108,S2_HIGH_SOC_CONTROL
ProvenanceConditionedHazard,num__wheel_abs_diff,-0.0652271349527929,0.0652271349527929,S2_HIGH_SOC_CONTROL
ProvenanceConditionedHazard,num__reconstructed__graph_progress_1s_m,0.06280554739046902,0.06280554739046902,S2_HIGH_SOC_CONTROL
ProvenanceConditionedHazard,num__reconstructed__edge_remaining_m,-0.06038338998281684,0.06038338998281684,S2_HIGH_SOC_CONTROL
ProvenanceConditionedHazard,num__reconstructed__edge_dwell_s,0.04687354421007963,0.04687354421007963,S2_HIGH_SOC_CONTROL
ProvenanceConditionedHazard,num__recorded__graph_progress_3s_m,0.03719970144664944,0.03719970144664944,S2_HIGH_SOC_CONTROL
ProvenanceConditionedHazard,num__recorded__graph_progress_rate_mps,-0.02134633097653568,0.02134633097653568,S2_HIGH_SOC_CONTROL
ProvenanceConditionedHazard,num__recorded__graph_progress_5s_m,-0.021346330976529538,0.021346330976529538,S2_HIGH_SOC_CONTROL
ProvenanceConditionedHazard,num__recorded__graph_progress_1s_m,0.013960841300308599,0.013960841300308599,S2_HIGH_SOC_CONTROL
ProvenanceConditionedHazard,num__reconstructed__node_corridor,-0.001544964598133302,0.001544964598133302,S2_HIGH_SOC_CONTROL
ProvenanceConditionedHazard,num__graph_context_available,0.0,0.0,S2_HIGH_SOC_CONTROL
ProvenanceConditionedHazard,num__telemetry_available,0.0,0.0,S2_HIGH_SOC_CONTROL
TelemetryHazard,num__current_ma,-2.3535010567886756,2.3535010567886756,S3_MEDIUM_SOC_WHOLETESTING
TelemetryHazard,num__power_w,2.0267752914625246,2.0267752914625246,S3_MEDIUM_SOC_WHOLETESTING
TelemetryHazard,cat__hazard_bin_4,-1.680204157349177,1.680204157349177,S3_MEDIUM_SOC_WHOLETESTING
TelemetryHazard,cat__hazard_bin_3,-1.6379770367296458,1.6379770367296458,S3_MEDIUM_SOC_WHOLETESTING
TelemetryHazard,cat__hazard_bin_17,1.5734339309269367,1.5734339309269367,S3_MEDIUM_SOC_WHOLETESTING
TelemetryHazard,cat__hazard_bin_18,1.5668815562730056,1.5668815562730056,S3_MEDIUM_SOC_WHOLETESTING
TelemetryHazard,cat__hazard_bin_20,1.5658589649871288,1.5658589649871288,S3_MEDIUM_SOC_WHOLETESTING
TelemetryHazard,cat__hazard_bin_19,1.5518108199043126,1.5518108199043126,S3_MEDIUM_SOC_WHOLETESTING
TelemetryHazard,cat__hazard_bin_5,-1.5101488495158089,1.5101488495158089,S3_MEDIUM_SOC_WHOLETESTING
TelemetryHazard,cat__hazard_bin_16,1.484088901502238,1.484088901502238,S3_MEDIUM_SOC_WHOLETESTING
TelemetryHazard,cat__hazard_bin_15,1.4643433320082506,1.4643433320082506,S3_MEDIUM_SOC_WHOLETESTING
TelemetryHazard,num__stop_share_10s,-1.4530635609600409,1.4530635609600409,S3_MEDIUM_SOC_WHOLETESTING
TelemetryHazard,cat__hazard_bin_14,1.4529608623207833,1.4529608623207833,S3_MEDIUM_SOC_WHOLETESTING
TelemetryHazard,num__soc,-1.4521331747196058,1.4521331747196058,S3_MEDIUM_SOC_WHOLETESTING
TelemetryHazard,num__speed_mean_10s,-1.3739814647291166,1.3739814647291166,S3_MEDIUM_SOC_WHOLETESTING
TelemetryHazard,cat__hazard_bin_6,-1.3714189320980041,1.3714189320980041,S3_MEDIUM_SOC_WHOLETESTING
TelemetryHazard,cat__hazard_bin_7,-1.2212910566453592,1.2212910566453592,S3_MEDIUM_SOC_WHOLETESTING
TelemetryHazard,cat__hazard_bin_8,-1.080794438408788,1.080794438408788,S3_MEDIUM_SOC_WHOLETESTING
TelemetryHazard,num__wheel_mean,-0.9916223139749091,0.9916223139749091,S3_MEDIUM_SOC_WHOLETESTING
TelemetryHazard,cat__hazard_bin_13,0.9638494178252531,0.9638494178252531,S3_MEDIUM_SOC_WHOLETESTING
TelemetryHazard,cat__hazard_bin_9,-0.9513714390453241,0.9513714390453241,S3_MEDIUM_SOC_WHOLETESTING
TelemetryHazard,cat__hazard_bin_2,-0.8955881820540924,0.8955881820540924,S3_MEDIUM_SOC_WHOLETESTING
TelemetryHazard,cat__hazard_bin_1,-0.8440294450737386,0.8440294450737386,S3_MEDIUM_SOC_WHOLETESTING
TelemetryHazard,num__speed_std_10s,-0.7994083785147047,0.7994083785147047,S3_MEDIUM_SOC_WHOLETESTING
TelemetryHazard,num__position_confidence,0.7980399008849484,0.7980399008849484,S3_MEDIUM_SOC_WHOLETESTING
TelemetryHazard,num__stop_share_30s,0.7879838225823086,0.7879838225823086,S3_MEDIUM_SOC_WHOLETESTING
TelemetryHazard,cat__hazard_bin_10,-0.7846432050427169,0.7846432050427169,S3_MEDIUM_SOC_WHOLETESTING
TelemetryHazard,num__short_causal_hold,-0.7573246341180602,0.7573246341180602,S3_MEDIUM_SOC_WHOLETESTING
TelemetryHazard,num__observed_sample,0.7573246341180586,0.7573246341180586,S3_MEDIUM_SOC_WHOLETESTING
TelemetryHazard,num__speed_mean_30s,0.7370062016514273,0.7370062016514273,S3_MEDIUM_SOC_WHOLETESTING
TelemetryHazard,num__seconds_since_observed,-0.7278884316579689,0.7278884316579689,S3_MEDIUM_SOC_WHOLETESTING
TelemetryHazard,num__power_std_10s,0.4985332875684639,0.4985332875684639,S3_MEDIUM_SOC_WHOLETESTING
TelemetryHazard,num__stop_share_5s,0.4782913437252371,0.4782913437252371,S3_MEDIUM_SOC_WHOLETESTING
TelemetryHazard,num__speed_mean_5s,0.3767176444819955,0.3767176444819955,S3_MEDIUM_SOC_WHOLETESTING
TelemetryHazard,cat__hazard_bin_11,-0.36457755995987146,0.36457755995987146,S3_MEDIUM_SOC_WHOLETESTING
TelemetryHazard,cat__hazard_bin_12,0.3413626723427812,0.3413626723427812,S3_MEDIUM_SOC_WHOLETESTING
TelemetryHazard,num__voltage_mv,0.2817013200723505,0.2817013200723505,S3_MEDIUM_SOC_WHOLETESTING
TelemetryHazard,num__wheel_abs_diff,-0.2798693899498308,0.2798693899498308,S3_MEDIUM_SOC_WHOLETESTING
TelemetryHazard,num__power_mean_10s,-0.25720669057171325,0.25720669057171325,S3_MEDIUM_SOC_WHOLETESTING
TelemetryHazard,num__soc_drop_10s,-0.1525289891467171,0.1525289891467171,S3_MEDIUM_SOC_WHOLETESTING
TelemetryHazard,num__speed_mps,-0.14712768713093466,0.14712768713093466,S3_MEDIUM_SOC_WHOLETESTING
TelemetryHazard,num__soc_drop_30s,0.02568028420704351,0.02568028420704351,S3_MEDIUM_SOC_WHOLETESTING
TelemetryHazard,num__telemetry_available,0.0,0.0,S3_MEDIUM_SOC_WHOLETESTING
UngatedGraphHazard,cat__route_source_recorded,-3.32195319657058,3.32195319657058,S3_MEDIUM_SOC_WHOLETESTING
UngatedGraphHazard,cat__route_source_reconstructed_shortest,2.0799739753596724,2.0799739753596724,S3_MEDIUM_SOC_WHOLETESTING
UngatedGraphHazard,cat__hazard_bin_4,-1.9332476216795864,1.9332476216795864,S3_MEDIUM_SOC_WHOLETESTING
UngatedGraphHazard,cat__hazard_bin_3,-1.9151861982220557,1.9151861982220557,S3_MEDIUM_SOC_WHOLETESTING
UngatedGraphHazard,cat__hazard_bin_18,1.8505406023766602,1.8505406023766602,S3_MEDIUM_SOC_WHOLETESTING
UngatedGraphHazard,num__power_w,-1.8215953659085733,1.8215953659085733,S3_MEDIUM_SOC_WHOLETESTING
UngatedGraphHazard,cat__hazard_bin_20,1.7798130183059595,1.7798130183059595,S3_MEDIUM_SOC_WHOLETESTING
UngatedGraphHazard,cat__hazard_bin_17,1.7653019253063702,1.7653019253063702,S3_MEDIUM_SOC_WHOLETESTING
UngatedGraphHazard,cat__hazard_bin_5,-1.7408252331830125,1.7408252331830125,S3_MEDIUM_SOC_WHOLETESTING
UngatedGraphHazard,cat__hazard_bin_19,1.7406112292483407,1.7406112292483407,S3_MEDIUM_SOC_WHOLETESTING
UngatedGraphHazard,num__current_ma,1.698626849861081,1.698626849861081,S3_MEDIUM_SOC_WHOLETESTING
UngatedGraphHazard,cat__hazard_bin_6,-1.594405065314143,1.594405065314143,S3_MEDIUM_SOC_WHOLETESTING
UngatedGraphHazard,cat__hazard_bin_14,1.529864397972707,1.529864397972707,S3_MEDIUM_SOC_WHOLETESTING
UngatedGraphHazard,cat__hazard_bin_16,1.472056150994185,1.472056150994185,S3_MEDIUM_SOC_WHOLETESTING
UngatedGraphHazard,cat__hazard_bin_7,-1.4413808756358144,1.4413808756358144,S3_MEDIUM_SOC_WHOLETESTING
UngatedGraphHazard,cat__hazard_bin_15,1.4187630627727639,1.4187630627727639,S3_MEDIUM_SOC_WHOLETESTING
UngatedGraphHazard,cat__hazard_bin_2,-1.31067457133655,1.31067457133655,S3_MEDIUM_SOC_WHOLETESTING
UngatedGraphHazard,cat__hazard_bin_8,-1.2707883400048394,1.2707883400048394,S3_MEDIUM_SOC_WHOLETESTING
UngatedGraphHazard,num__graph_remaining_m,-1.217833840477209,1.217833840477209,S3_MEDIUM_SOC_WHOLETESTING
UngatedGraphHazard,cat__hazard_bin_1,-1.1049427225017012,1.1049427225017012,S3_MEDIUM_SOC_WHOLETESTING
UngatedGraphHazard,cat__hazard_bin_13,0.9894303563477608,0.9894303563477608,S3_MEDIUM_SOC_WHOLETESTING
UngatedGraphHazard,num__speed_std_10s,-0.9666195737486486,0.9666195737486486,S3_MEDIUM_SOC_WHOLETESTING
UngatedGraphHazard,cat__hazard_bin_9,-0.9654931622652644,0.9654931622652644,S3_MEDIUM_SOC_WHOLETESTING
UngatedGraphHazard,num__graph_progress_30s_m,-0.964650269664095,0.964650269664095,S3_MEDIUM_SOC_WHOLETESTING
UngatedGraphHazard,num__wheel_mean,-0.903655623339583,0.903655623339583,S3_MEDIUM_SOC_WHOLETESTING
UngatedGraphHazard,num__stop_share_30s,0.8968350450828689,0.8968350450828689,S3_MEDIUM_SOC_WHOLETESTING
UngatedGraphHazard,num__position_confidence,0.8065601843055014,0.8065601843055014,S3_MEDIUM_SOC_WHOLETESTING
UngatedGraphHazard,num__speed_mean_30s,0.7896736291945203,0.7896736291945203,S3_MEDIUM_SOC_WHOLETESTING
UngatedGraphHazard,num__speed_mean_10s,-0.7407191675333847,0.7407191675333847,S3_MEDIUM_SOC_WHOLETESTING
UngatedGraphHazard,cat__hazard_bin_10,-0.6934162112002601,0.6934162112002601,S3_MEDIUM_SOC_WHOLETESTING
UngatedGraphHazard,num__graph_progress_10s_m,0.6451503384380911,0.6451503384380911,S3_MEDIUM_SOC_WHOLETESTING
UngatedGraphHazard,num__euclidean_remaining_m,0.5619294622826957,0.5619294622826957,S3_MEDIUM_SOC_WHOLETESTING
UngatedGraphHazard,num__route_completion,0.5547602856424697,0.5547602856424697,S3_MEDIUM_SOC_WHOLETESTING
UngatedGraphHazard,num__graph_progress_5s_m,-0.5492658316264849,0.5492658316264849,S3_MEDIUM_SOC_WHOLETESTING
UngatedGraphHazard,num__graph_progress_rate_mps,-0.5492658316264822,0.5492658316264822,S3_MEDIUM_SOC_WHOLETESTING
UngatedGraphHazard,num__power_std_10s,0.533240237835859,0.533240237835859,S3_MEDIUM_SOC_WHOLETESTING
UngatedGraphHazard,num__stop_share_5s,0.5312437810570528,0.5312437810570528,S3_MEDIUM_SOC_WHOLETESTING
UngatedGraphHazard,num__node_intersection,0.4631835409050798,0.4631835409050798,S3_MEDIUM_SOC_WHOLETESTING
UngatedGraphHazard,num__observed_sample,0.4181381939217256,0.4181381939217256,S3_MEDIUM_SOC_WHOLETESTING
UngatedGraphHazard,num__short_causal_hold,-0.41813819392170803,0.41813819392170803,S3_MEDIUM_SOC_WHOLETESTING
UngatedGraphHazard,cat__hazard_bin_12,0.409259922382795,0.409259922382795,S3_MEDIUM_SOC_WHOLETESTING
UngatedGraphHazard,num__graph_progress_3s_m,0.40642402648686915,0.40642402648686915,S3_MEDIUM_SOC_WHOLETESTING
UngatedGraphHazard,num__seconds_since_observed,-0.3870942868866652,0.3870942868866652,S3_MEDIUM_SOC_WHOLETESTING
UngatedGraphHazard,num__node_station,-0.3510143015713349,0.3510143015713349,S3_MEDIUM_SOC_WHOLETESTING
UngatedGraphHazard,num__edge_progress_fraction,0.3391994560750708,0.3391994560750708,S3_MEDIUM_SOC_WHOLETESTING
UngatedGraphHazard,num__euclidean_progress_5s_m,0.32423362676634226,0.32423362676634226,S3_MEDIUM_SOC_WHOLETESTING
UngatedGraphHazard,num__euclidean_progress_rate_mps,0.32423362676634,0.32423362676634,S3_MEDIUM_SOC_WHOLETESTING
UngatedGraphHazard,num__node_degree,-0.3158538007564387,0.3158538007564387,S3_MEDIUM_SOC_WHOLETESTING
UngatedGraphHazard,num__speed_mps,-0.29676329233493715,0.29676329233493715,S3_MEDIUM_SOC_WHOLETESTING
UngatedGraphHazard,num__soc,-0.28380473473216855,0.28380473473216855,S3_MEDIUM_SOC_WHOLETESTING
UngatedGraphHazard,num__graph_progress_1s_m,0.24148375429902327,0.24148375429902327,S3_MEDIUM_SOC_WHOLETESTING
UngatedGraphHazard,num__node_corridor,-0.2309961968088857,0.2309961968088857,S3_MEDIUM_SOC_WHOLETESTING
UngatedGraphHazard,cat__hazard_bin_11,-0.22725988557508756,0.22725988557508756,S3_MEDIUM_SOC_WHOLETESTING
UngatedGraphHazard,num__soc_drop_10s,-0.2193597069730784,0.2193597069730784,S3_MEDIUM_SOC_WHOLETESTING
UngatedGraphHazard,num__stop_share_10s,-0.21291143310006594,0.21291143310006594,S3_MEDIUM_SOC_WHOLETESTING
UngatedGraphHazard,num__wheel_abs_diff,-0.20775912703379867,0.20775912703379867,S3_MEDIUM_SOC_WHOLETESTING
UngatedGraphHazard,num__power_mean_10s,0.1983231935653908,0.1983231935653908,S3_MEDIUM_SOC_WHOLETESTING
UngatedGraphHazard,num__soc_drop_30s,0.1648011617845892,0.1648011617845892,S3_MEDIUM_SOC_WHOLETESTING
UngatedGraphHazard,num__edge_remaining_m,0.14561964588411655,0.14561964588411655,S3_MEDIUM_SOC_WHOLETESTING
UngatedGraphHazard,num__edge_lateral_error_m,-0.11548401204017428,0.11548401204017428,S3_MEDIUM_SOC_WHOLETESTING
UngatedGraphHazard,num__speed_mean_5s,0.06992375606127997,0.06992375606127997,S3_MEDIUM_SOC_WHOLETESTING
UngatedGraphHazard,num__voltage_mv,-0.027712445559106343,0.027712445559106343,S3_MEDIUM_SOC_WHOLETESTING
UngatedGraphHazard,num__edge_dwell_s,-0.009901346463828358,0.009901346463828358,S3_MEDIUM_SOC_WHOLETESTING
UngatedGraphHazard,num__telemetry_available,0.0,0.0,S3_MEDIUM_SOC_WHOLETESTING
ProvenanceConditionedHazard,num__power_w,-2.3014531186013674,2.3014531186013674,S3_MEDIUM_SOC_WHOLETESTING
ProvenanceConditionedHazard,num__current_ma,2.1876183452021256,2.1876183452021256,S3_MEDIUM_SOC_WHOLETESTING
ProvenanceConditionedHazard,cat__hazard_bin_4,-1.9284810216004689,1.9284810216004689,S3_MEDIUM_SOC_WHOLETESTING
ProvenanceConditionedHazard,cat__hazard_bin_3,-1.9247298510134703,1.9247298510134703,S3_MEDIUM_SOC_WHOLETESTING
ProvenanceConditionedHazard,cat__hazard_bin_19,1.7958208499497121,1.7958208499497121,S3_MEDIUM_SOC_WHOLETESTING
ProvenanceConditionedHazard,cat__hazard_bin_20,1.7917495151799716,1.7917495151799716,S3_MEDIUM_SOC_WHOLETESTING
ProvenanceConditionedHazard,cat__hazard_bin_5,-1.7266203100593105,1.7266203100593105,S3_MEDIUM_SOC_WHOLETESTING
ProvenanceConditionedHazard,cat__hazard_bin_17,1.723919092263616,1.723919092263616,S3_MEDIUM_SOC_WHOLETESTING
ProvenanceConditionedHazard,cat__hazard_bin_18,1.69710760767174,1.69710760767174,S3_MEDIUM_SOC_WHOLETESTING
ProvenanceConditionedHazard,cat__hazard_bin_6,-1.53818039099865,1.53818039099865,S3_MEDIUM_SOC_WHOLETESTING
ProvenanceConditionedHazard,cat__hazard_bin_16,1.5213626887121754,1.5213626887121754,S3_MEDIUM_SOC_WHOLETESTING
ProvenanceConditionedHazard,cat__hazard_bin_14,1.4985179567073228,1.4985179567073228,S3_MEDIUM_SOC_WHOLETESTING
ProvenanceConditionedHazard,num__stop_share_30s,1.4748216202770545,1.4748216202770545,S3_MEDIUM_SOC_WHOLETESTING
ProvenanceConditionedHazard,cat__hazard_bin_15,1.4623881877325862,1.4623881877325862,S3_MEDIUM_SOC_WHOLETESTING
ProvenanceConditionedHazard,cat__hazard_bin_7,-1.4028753610949902,1.4028753610949902,S3_MEDIUM_SOC_WHOLETESTING
ProvenanceConditionedHazard,num__speed_mean_30s,1.3923622524076962,1.3923622524076962,S3_MEDIUM_SOC_WHOLETESTING
ProvenanceConditionedHazard,num__reconstructed__graph_remaining_m,-1.275107068560642,1.275107068560642,S3_MEDIUM_SOC_WHOLETESTING
ProvenanceConditionedHazard,cat__hazard_bin_2,-1.2235351321293737,1.2235351321293737,S3_MEDIUM_SOC_WHOLETESTING
ProvenanceConditionedHazard,cat__hazard_bin_8,-1.2219233698717729,1.2219233698717729,S3_MEDIUM_SOC_WHOLETESTING
ProvenanceConditionedHazard,cat__hazard_bin_1,-1.1983879408335953,1.1983879408335953,S3_MEDIUM_SOC_WHOLETESTING
ProvenanceConditionedHazard,num__speed_mean_10s,-1.030745416959237,1.030745416959237,S3_MEDIUM_SOC_WHOLETESTING
ProvenanceConditionedHazard,cat__hazard_bin_13,0.9993562114749039,0.9993562114749039,S3_MEDIUM_SOC_WHOLETESTING
ProvenanceConditionedHazard,num__speed_std_10s,-0.9984855277469519,0.9984855277469519,S3_MEDIUM_SOC_WHOLETESTING
ProvenanceConditionedHazard,cat__hazard_bin_9,-0.9480083456594018,0.9480083456594018,S3_MEDIUM_SOC_WHOLETESTING
ProvenanceConditionedHazard,num__wheel_mean,-0.8223519630693664,0.8223519630693664,S3_MEDIUM_SOC_WHOLETESTING
ProvenanceConditionedHazard,num__position_confidence,0.8114900966794978,0.8114900966794978,S3_MEDIUM_SOC_WHOLETESTING
ProvenanceConditionedHazard,num__reconstructed__graph_progress_30s_m,-0.8084992545584486,0.8084992545584486,S3_MEDIUM_SOC_WHOLETESTING
ProvenanceConditionedHazard,num__snap_distance_m,0.7871161777967405,0.7871161777967405,S3_MEDIUM_SOC_WHOLETESTING
ProvenanceConditionedHazard,num__euclidean_remaining_m,0.7373059258001776,0.7373059258001776,S3_MEDIUM_SOC_WHOLETESTING
ProvenanceConditionedHazard,cat__hazard_bin_10,-0.6912023098079145,0.6912023098079145,S3_MEDIUM_SOC_WHOLETESTING
ProvenanceConditionedHazard,num__recorded__graph_remaining_m,-0.6737813339921859,0.6737813339921859,S3_MEDIUM_SOC_WHOLETESTING
ProvenanceConditionedHazard,num__reconstructed__route_completion,0.6682230973380243,0.6682230973380243,S3_MEDIUM_SOC_WHOLETESTING
ProvenanceConditionedHazard,num__reconstructed__node_intersection,0.6468338160155597,0.6468338160155597,S3_MEDIUM_SOC_WHOLETESTING
ProvenanceConditionedHazard,num__reconstructed__edge_lateral_error_m,-0.6161253316615607,0.6161253316615607,S3_MEDIUM_SOC_WHOLETESTING
ProvenanceConditionedHazard,num__route_recorded,-0.6053866108250219,0.6053866108250219,S3_MEDIUM_SOC_WHOLETESTING
ProvenanceConditionedHazard,num__route_reconstructed,0.6053866108250087,0.6053866108250087,S3_MEDIUM_SOC_WHOLETESTING
ProvenanceConditionedHazard,cat__route_source_reconstructed_shortest,-0.5799668568652749,0.5799668568652749,S3_MEDIUM_SOC_WHOLETESTING
ProvenanceConditionedHazard,cat__route_source_recorded,-0.5686545036041799,0.5686545036041799,S3_MEDIUM_SOC_WHOLETESTING
ProvenanceConditionedHazard,num__reconstructed__node_degree,-0.5542898693568773,0.5542898693568773,S3_MEDIUM_SOC_WHOLETESTING
ProvenanceConditionedHazard,num__power_std_10s,0.5194344064565362,0.5194344064565362,S3_MEDIUM_SOC_WHOLETESTING
ProvenanceConditionedHazard,num__recorded__edge_progress_fraction,-0.5036411213880456,0.5036411213880456,S3_MEDIUM_SOC_WHOLETESTING
ProvenanceConditionedHazard,num__speed_mps,-0.49835431240453304,0.49835431240453304,S3_MEDIUM_SOC_WHOLETESTING
ProvenanceConditionedHazard,num__stop_share_10s,-0.4827511382502823,0.4827511382502823,S3_MEDIUM_SOC_WHOLETESTING
ProvenanceConditionedHazard,num__recorded__node_degree,-0.4680968518416345,0.4680968518416345,S3_MEDIUM_SOC_WHOLETESTING
ProvenanceConditionedHazard,num__recorded__edge_remaining_m,-0.4649447544699489,0.4649447544699489,S3_MEDIUM_SOC_WHOLETESTING
ProvenanceConditionedHazard,num__reconstructed__graph_progress_10s_m,0.4599109725453773,0.4599109725453773,S3_MEDIUM_SOC_WHOLETESTING
ProvenanceConditionedHazard,num__recorded__node_intersection,-0.41789238770420645,0.41789238770420645,S3_MEDIUM_SOC_WHOLETESTING
ProvenanceConditionedHazard,cat__hazard_bin_12,0.40897265608870426,0.40897265608870426,S3_MEDIUM_SOC_WHOLETESTING
ProvenanceConditionedHazard,num__reconstructed__graph_progress_5s_m,-0.40883996318263427,0.40883996318263427,S3_MEDIUM_SOC_WHOLETESTING
ProvenanceConditionedHazard,num__reconstructed__graph_progress_rate_mps,-0.40883996318259563,0.40883996318259563,S3_MEDIUM_SOC_WHOLETESTING
ProvenanceConditionedHazard,num__reconstructed__graph_progress_3s_m,0.40287128202410255,0.40287128202410255,S3_MEDIUM_SOC_WHOLETESTING
ProvenanceConditionedHazard,num__recorded__edge_dwell_s,-0.3815755658188988,0.3815755658188988,S3_MEDIUM_SOC_WHOLETESTING
ProvenanceConditionedHazard,num__recorded__route_completion,-0.3519116032619609,0.3519116032619609,S3_MEDIUM_SOC_WHOLETESTING
ProvenanceConditionedHazard,num__reconstructed__edge_progress_fraction,-0.32880053196936665,0.32880053196936665,S3_MEDIUM_SOC_WHOLETESTING
ProvenanceConditionedHazard,num__recorded__node_station,-0.31647927901446676,0.31647927901446676,S3_MEDIUM_SOC_WHOLETESTING
ProvenanceConditionedHazard,num__short_causal_hold,-0.3038737844690639,0.3038737844690639,S3_MEDIUM_SOC_WHOLETESTING
ProvenanceConditionedHazard,num__observed_sample,0.30387378446905433,0.30387378446905433,S3_MEDIUM_SOC_WHOLETESTING
ProvenanceConditionedHazard,num__euclidean_progress_rate_mps,0.29435811683830587,0.29435811683830587,S3_MEDIUM_SOC_WHOLETESTING
ProvenanceConditionedHazard,num__euclidean_progress_5s_m,0.2943581168383013,0.2943581168383013,S3_MEDIUM_SOC_WHOLETESTING
ProvenanceConditionedHazard,num__seconds_since_observed,-0.28395535202827465,0.28395535202827465,S3_MEDIUM_SOC_WHOLETESTING
ProvenanceConditionedHazard,num__reconstructed__node_station,-0.28292826895289536,0.28292826895289536,S3_MEDIUM_SOC_WHOLETESTING
ProvenanceConditionedHazard,num__recorded__node_corridor,-0.2619194380442212,0.2619194380442212,S3_MEDIUM_SOC_WHOLETESTING
ProvenanceConditionedHazard,cat__hazard_bin_11,-0.2438720931812353,0.2438720931812353,S3_MEDIUM_SOC_WHOLETESTING
ProvenanceConditionedHazard,num__stop_share_5s,0.22771754920273618,0.22771754920273618,S3_MEDIUM_SOC_WHOLETESTING
ProvenanceConditionedHazard,num__recorded__graph_progress_30s_m,-0.21791329023998526,0.21791329023998526,S3_MEDIUM_SOC_WHOLETESTING
ProvenanceConditionedHazard,num__recorded__edge_lateral_error_m,-0.20348974412063214,0.20348974412063214,S3_MEDIUM_SOC_WHOLETESTING
ProvenanceConditionedHazard,num__speed_mean_5s,-0.18996189617501735,0.18996189617501735,S3_MEDIUM_SOC_WHOLETESTING
ProvenanceConditionedHazard,num__wheel_abs_diff,-0.1760616405544738,0.1760616405544738,S3_MEDIUM_SOC_WHOLETESTING
ProvenanceConditionedHazard,num__voltage_mv,-0.16866424147195158,0.16866424147195158,S3_MEDIUM_SOC_WHOLETESTING
ProvenanceConditionedHazard,num__soc_drop_30s,0.14452807488592434,0.14452807488592434,S3_MEDIUM_SOC_WHOLETESTING
ProvenanceConditionedHazard,num__soc_drop_10s,-0.13582440817445904,0.13582440817445904,S3_MEDIUM_SOC_WHOLETESTING
ProvenanceConditionedHazard,num__reconstructed__node_corridor,0.11562352026891931,0.11562352026891931,S3_MEDIUM_SOC_WHOLETESTING
ProvenanceConditionedHazard,num__recorded__graph_progress_10s_m,-0.10053405549880469,0.10053405549880469,S3_MEDIUM_SOC_WHOLETESTING
ProvenanceConditionedHazard,num__reconstructed__graph_progress_1s_m,0.07864718360518831,0.07864718360518831,S3_MEDIUM_SOC_WHOLETESTING
ProvenanceConditionedHazard,num__power_mean_10s,0.05972025363409928,0.05972025363409928,S3_MEDIUM_SOC_WHOLETESTING
ProvenanceConditionedHazard,num__reconstructed__edge_dwell_s,-0.05266813318759297,0.05266813318759297,S3_MEDIUM_SOC_WHOLETESTING
ProvenanceConditionedHazard,num__reconstructed__edge_remaining_m,-0.04560783630440992,0.04560783630440992,S3_MEDIUM_SOC_WHOLETESTING
ProvenanceConditionedHazard,num__soc,-0.039623314012365386,0.039623314012365386,S3_MEDIUM_SOC_WHOLETESTING
ProvenanceConditionedHazard,num__recorded__graph_progress_5s_m,-0.031051864346796555,0.031051864346796555,S3_MEDIUM_SOC_WHOLETESTING
ProvenanceConditionedHazard,num__recorded__graph_progress_rate_mps,-0.03105186434679526,0.03105186434679526,S3_MEDIUM_SOC_WHOLETESTING
ProvenanceConditionedHazard,num__recorded__graph_progress_3s_m,0.020660693807796306,0.020660693807796306,S3_MEDIUM_SOC_WHOLETESTING
ProvenanceConditionedHazard,num__recorded__graph_progress_1s_m,0.017101075595163776,0.017101075595163776,S3_MEDIUM_SOC_WHOLETESTING
ProvenanceConditionedHazard,num__graph_context_available,0.0,0.0,S3_MEDIUM_SOC_WHOLETESTING
ProvenanceConditionedHazard,num__telemetry_available,0.0,0.0,S3_MEDIUM_SOC_WHOLETESTING
TelemetryHazard,cat__hazard_bin_1,-2.446073306949316,2.446073306949316,S4_SAFETY_RICH_NAVEEN12
TelemetryHazard,cat__hazard_bin_3,-2.2170438674173205,2.2170438674173205,S4_SAFETY_RICH_NAVEEN12
TelemetryHazard,num__voltage_mv,2.1952536124332838,2.1952536124332838,S4_SAFETY_RICH_NAVEEN12
TelemetryHazard,cat__hazard_bin_2,-2.1655669910157753,2.1655669910157753,S4_SAFETY_RICH_NAVEEN12
TelemetryHazard,cat__hazard_bin_4,-2.0858921541922957,2.0858921541922957,S4_SAFETY_RICH_NAVEEN12
TelemetryHazard,cat__hazard_bin_5,-1.9918994394233493,1.9918994394233493,S4_SAFETY_RICH_NAVEEN12
TelemetryHazard,cat__hazard_bin_17,1.9555414865856122,1.9555414865856122,S4_SAFETY_RICH_NAVEEN12
TelemetryHazard,cat__hazard_bin_18,1.8521751651089233,1.8521751651089233,S4_SAFETY_RICH_NAVEEN12
TelemetryHazard,cat__hazard_bin_16,1.8489752857793902,1.8489752857793902,S4_SAFETY_RICH_NAVEEN12
TelemetryHazard,cat__hazard_bin_15,1.8341346283769469,1.8341346283769469,S4_SAFETY_RICH_NAVEEN12
TelemetryHazard,cat__hazard_bin_14,1.8058282911033947,1.8058282911033947,S4_SAFETY_RICH_NAVEEN12
TelemetryHazard,cat__hazard_bin_6,-1.7847979246623702,1.7847979246623702,S4_SAFETY_RICH_NAVEEN12
TelemetryHazard,cat__hazard_bin_19,1.7109775901584179,1.7109775901584179,S4_SAFETY_RICH_NAVEEN12
TelemetryHazard,cat__hazard_bin_13,1.6994419352117616,1.6994419352117616,S4_SAFETY_RICH_NAVEEN12
TelemetryHazard,cat__hazard_bin_20,1.6749967632252725,1.6749967632252725,S4_SAFETY_RICH_NAVEEN12
TelemetryHazard,num__power_mean_10s,-1.5975030409947086,1.5975030409947086,S4_SAFETY_RICH_NAVEEN12
TelemetryHazard,cat__hazard_bin_7,-1.5101175567432212,1.5101175567432212,S4_SAFETY_RICH_NAVEEN12
TelemetryHazard,num__soc,-1.4534231432961697,1.4534231432961697,S4_SAFETY_RICH_NAVEEN12
TelemetryHazard,num__seconds_since_observed,-1.2785402701417614,1.2785402701417614,S4_SAFETY_RICH_NAVEEN12
TelemetryHazard,cat__hazard_bin_12,1.2759115490371882,1.2759115490371882,S4_SAFETY_RICH_NAVEEN12
TelemetryHazard,cat__hazard_bin_8,-1.1953369931688242,1.1953369931688242,S4_SAFETY_RICH_NAVEEN12
TelemetryHazard,num__power_w,-1.093572967153407,1.093572967153407,S4_SAFETY_RICH_NAVEEN12
TelemetryHazard,cat__hazard_bin_9,-0.8010492194971413,0.8010492194971413,S4_SAFETY_RICH_NAVEEN12
TelemetryHazard,num__stop_share_5s,0.7105955737037892,0.7105955737037892,S4_SAFETY_RICH_NAVEEN12
TelemetryHazard,num__observed_sample,-0.6198512576296477,0.6198512576296477,S4_SAFETY_RICH_NAVEEN12
TelemetryHazard,num__short_causal_hold,0.6198512576296349,0.6198512576296349,S4_SAFETY_RICH_NAVEEN12
TelemetryHazard,num__speed_mean_10s,0.5597114453374048,0.5597114453374048,S4_SAFETY_RICH_NAVEEN12
TelemetryHazard,num__speed_std_10s,-0.4829102196905236,0.4829102196905236,S4_SAFETY_RICH_NAVEEN12
TelemetryHazard,cat__hazard_bin_11,0.48058543134615,0.48058543134615,S4_SAFETY_RICH_NAVEEN12
TelemetryHazard,num__stop_share_10s,-0.47691758228147796,0.47691758228147796,S4_SAFETY_RICH_NAVEEN12
TelemetryHazard,num__stop_share_30s,-0.4190512524599251,0.4190512524599251,S4_SAFETY_RICH_NAVEEN12
TelemetryHazard,num__position_confidence,0.3131510586224869,0.3131510586224869,S4_SAFETY_RICH_NAVEEN12
TelemetryHazard,num__speed_mean_30s,-0.2114447419596955,0.2114447419596955,S4_SAFETY_RICH_NAVEEN12
TelemetryHazard,num__power_std_10s,0.19186634141389922,0.19186634141389922,S4_SAFETY_RICH_NAVEEN12
TelemetryHazard,cat__hazard_bin_10,-0.18987925048366353,0.18987925048366353,S4_SAFETY_RICH_NAVEEN12
TelemetryHazard,num__soc_drop_10s,0.13786151626935236,0.13786151626935236,S4_SAFETY_RICH_NAVEEN12
TelemetryHazard,num__soc_drop_30s,-0.10671668230765656,0.10671668230765656,S4_SAFETY_RICH_NAVEEN12
TelemetryHazard,num__speed_mps,-0.032981603289028626,0.032981603289028626,S4_SAFETY_RICH_NAVEEN12
TelemetryHazard,num__speed_mean_5s,0.027490674760851947,0.027490674760851947,S4_SAFETY_RICH_NAVEEN12
TelemetryHazard,num__telemetry_available,0.0,0.0,S4_SAFETY_RICH_NAVEEN12
UngatedGraphHazard,cat__hazard_bin_1,-2.7055195044903746,2.7055195044903746,S4_SAFETY_RICH_NAVEEN12
UngatedGraphHazard,cat__hazard_bin_3,-2.5761411825155136,2.5761411825155136,S4_SAFETY_RICH_NAVEEN12
UngatedGraphHazard,cat__hazard_bin_2,-2.467875925778097,2.467875925778097,S4_SAFETY_RICH_NAVEEN12
UngatedGraphHazard,cat__hazard_bin_4,-2.366590045766691,2.366590045766691,S4_SAFETY_RICH_NAVEEN12
UngatedGraphHazard,num__graph_remaining_m,-2.259068039196714,2.259068039196714,S4_SAFETY_RICH_NAVEEN12
UngatedGraphHazard,cat__hazard_bin_5,-2.2393869820880776,2.2393869820880776,S4_SAFETY_RICH_NAVEEN12
UngatedGraphHazard,cat__hazard_bin_17,2.1330113338847605,2.1330113338847605,S4_SAFETY_RICH_NAVEEN12
UngatedGraphHazard,num__voltage_mv,2.127643521029848,2.127643521029848,S4_SAFETY_RICH_NAVEEN12
UngatedGraphHazard,cat__hazard_bin_20,2.0115908054745413,2.0115908054745413,S4_SAFETY_RICH_NAVEEN12
UngatedGraphHazard,cat__hazard_bin_18,2.0078675967178263,2.0078675967178263,S4_SAFETY_RICH_NAVEEN12
UngatedGraphHazard,cat__hazard_bin_6,-1.9310014966079612,1.9310014966079612,S4_SAFETY_RICH_NAVEEN12
UngatedGraphHazard,cat__hazard_bin_16,1.9150461441480662,1.9150461441480662,S4_SAFETY_RICH_NAVEEN12
UngatedGraphHazard,cat__hazard_bin_15,1.91142652268824,1.91142652268824,S4_SAFETY_RICH_NAVEEN12
UngatedGraphHazard,cat__hazard_bin_19,1.9081330083684516,1.9081330083684516,S4_SAFETY_RICH_NAVEEN12
UngatedGraphHazard,num__seconds_since_observed,-1.9064061140715787,1.9064061140715787,S4_SAFETY_RICH_NAVEEN12
UngatedGraphHazard,cat__hazard_bin_14,1.895556609437373,1.895556609437373,S4_SAFETY_RICH_NAVEEN12
UngatedGraphHazard,cat__hazard_bin_13,1.7091366676590283,1.7091366676590283,S4_SAFETY_RICH_NAVEEN12
UngatedGraphHazard,num__soc,-1.6312092924050416,1.6312092924050416,S4_SAFETY_RICH_NAVEEN12
UngatedGraphHazard,cat__hazard_bin_7,-1.5771488503322613,1.5771488503322613,S4_SAFETY_RICH_NAVEEN12
UngatedGraphHazard,cat__hazard_bin_12,1.379762842927204,1.379762842927204,S4_SAFETY_RICH_NAVEEN12
UngatedGraphHazard,num__speed_mean_30s,1.334978366424688,1.334978366424688,S4_SAFETY_RICH_NAVEEN12
UngatedGraphHazard,num__power_mean_10s,-1.2467504445017945,1.2467504445017945,S4_SAFETY_RICH_NAVEEN12
UngatedGraphHazard,cat__hazard_bin_8,-1.2216497751077053,1.2216497751077053,S4_SAFETY_RICH_NAVEEN12
UngatedGraphHazard,num__power_w,-1.0781537432115835,1.0781537432115835,S4_SAFETY_RICH_NAVEEN12
UngatedGraphHazard,num__euclidean_remaining_m,1.0491830477183528,1.0491830477183528,S4_SAFETY_RICH_NAVEEN12
UngatedGraphHazard,num__stop_share_30s,0.9991369800074686,0.9991369800074686,S4_SAFETY_RICH_NAVEEN12
UngatedGraphHazard,cat__route_source_reconstructed_shortest,-0.972297400387591,0.972297400387591,S4_SAFETY_RICH_NAVEEN12
UngatedGraphHazard,num__short_causal_hold,0.921080641535782,0.921080641535782,S4_SAFETY_RICH_NAVEEN12
UngatedGraphHazard,num__observed_sample,-0.9210806415357602,0.9210806415357602,S4_SAFETY_RICH_NAVEEN12
UngatedGraphHazard,num__route_completion,-0.8984101166393679,0.8984101166393679,S4_SAFETY_RICH_NAVEEN12
UngatedGraphHazard,num__speed_std_10s,-0.7879969482612315,0.7879969482612315,S4_SAFETY_RICH_NAVEEN12
UngatedGraphHazard,num__node_degree,0.7858526088461728,0.7858526088461728,S4_SAFETY_RICH_NAVEEN12
UngatedGraphHazard,cat__hazard_bin_9,-0.7812997764672436,0.7812997764672436,S4_SAFETY_RICH_NAVEEN12
UngatedGraphHazard,num__speed_mean_5s,-0.5849844316291642,0.5849844316291642,S4_SAFETY_RICH_NAVEEN12
UngatedGraphHazard,num__speed_mean_10s,0.5549592854652017,0.5549592854652017,S4_SAFETY_RICH_NAVEEN12
UngatedGraphHazard,cat__hazard_bin_11,0.5304109192046228,0.5304109192046228,S4_SAFETY_RICH_NAVEEN12
UngatedGraphHazard,num__edge_dwell_s,-0.3914216343233431,0.3914216343233431,S4_SAFETY_RICH_NAVEEN12
UngatedGraphHazard,num__position_confidence,0.35753509059727445,0.35753509059727445,S4_SAFETY_RICH_NAVEEN12
UngatedGraphHazard,num__edge_lateral_error_m,0.34269055254597863,0.34269055254597863,S4_SAFETY_RICH_NAVEEN12
UngatedGraphHazard,cat__route_source_recorded,0.3269462035059382,0.3269462035059382,S4_SAFETY_RICH_NAVEEN12
UngatedGraphHazard,num__node_corridor,0.3114796718935377,0.3114796718935377,S4_SAFETY_RICH_NAVEEN12
UngatedGraphHazard,num__graph_progress_30s_m,0.25498553116867084,0.25498553116867084,S4_SAFETY_RICH_NAVEEN12
UngatedGraphHazard,num__node_intersection,-0.24527705275666176,0.24527705275666176,S4_SAFETY_RICH_NAVEEN12
UngatedGraphHazard,num__power_std_10s,0.24309537587820054,0.24309537587820054,S4_SAFETY_RICH_NAVEEN12
UngatedGraphHazard,num__stop_share_5s,0.20662910313150723,0.20662910313150723,S4_SAFETY_RICH_NAVEEN12
UngatedGraphHazard,cat__hazard_bin_10,-0.1806801082379155,0.1806801082379155,S4_SAFETY_RICH_NAVEEN12
UngatedGraphHazard,num__stop_share_10s,0.1581477553661908,0.1581477553661908,S4_SAFETY_RICH_NAVEEN12
UngatedGraphHazard,num__speed_mps,-0.1499255729970406,0.1499255729970406,S4_SAFETY_RICH_NAVEEN12
UngatedGraphHazard,num__graph_progress_5s_m,-0.1417260245706386,0.1417260245706386,S4_SAFETY_RICH_NAVEEN12
UngatedGraphHazard,num__graph_progress_rate_mps,-0.1417260245706239,0.1417260245706239,S4_SAFETY_RICH_NAVEEN12
UngatedGraphHazard,num__euclidean_progress_rate_mps,0.1384966062816621,0.1384966062816621,S4_SAFETY_RICH_NAVEEN12
UngatedGraphHazard,num__euclidean_progress_5s_m,0.13849660628165403,0.13849660628165403,S4_SAFETY_RICH_NAVEEN12
UngatedGraphHazard,num__edge_progress_fraction,0.101760430738616,0.101760430738616,S4_SAFETY_RICH_NAVEEN12
UngatedGraphHazard,num__node_station,-0.09581520773786757,0.09581520773786757,S4_SAFETY_RICH_NAVEEN12
UngatedGraphHazard,num__edge_remaining_m,-0.08952747181071112,0.08952747181071112,S4_SAFETY_RICH_NAVEEN12
UngatedGraphHazard,num__graph_progress_1s_m,-0.06974656298181668,0.06974656298181668,S4_SAFETY_RICH_NAVEEN12
UngatedGraphHazard,num__graph_progress_10s_m,0.059230333520972685,0.059230333520972685,S4_SAFETY_RICH_NAVEEN12
UngatedGraphHazard,num__graph_progress_3s_m,-0.05141440433846727,0.05141440433846727,S4_SAFETY_RICH_NAVEEN12
UngatedGraphHazard,num__soc_drop_10s,0.04442944431132304,0.04442944431132304,S4_SAFETY_RICH_NAVEEN12
UngatedGraphHazard,num__soc_drop_30s,0.017063638208281624,0.017063638208281624,S4_SAFETY_RICH_NAVEEN12
UngatedGraphHazard,num__telemetry_available,0.0,0.0,S4_SAFETY_RICH_NAVEEN12
ProvenanceConditionedHazard,cat__hazard_bin_1,-2.657277715107971,2.657277715107971,S4_SAFETY_RICH_NAVEEN12
ProvenanceConditionedHazard,cat__hazard_bin_3,-2.5690689357728096,2.5690689357728096,S4_SAFETY_RICH_NAVEEN12
ProvenanceConditionedHazard,num__recorded__graph_remaining_m,-2.4790281076267444,2.4790281076267444,S4_SAFETY_RICH_NAVEEN12
ProvenanceConditionedHazard,cat__hazard_bin_2,-2.447297535426437,2.447297535426437,S4_SAFETY_RICH_NAVEEN12
ProvenanceConditionedHazard,cat__hazard_bin_4,-2.3634644308418733,2.3634644308418733,S4_SAFETY_RICH_NAVEEN12
ProvenanceConditionedHazard,cat__hazard_bin_5,-2.2447690439079357,2.2447690439079357,S4_SAFETY_RICH_NAVEEN12
ProvenanceConditionedHazard,cat__hazard_bin_17,2.1493905298425666,2.1493905298425666,S4_SAFETY_RICH_NAVEEN12
ProvenanceConditionedHazard,num__voltage_mv,2.0941650968488386,2.0941650968488386,S4_SAFETY_RICH_NAVEEN12
ProvenanceConditionedHazard,cat__hazard_bin_18,2.008606524391704,2.008606524391704,S4_SAFETY_RICH_NAVEEN12
ProvenanceConditionedHazard,cat__hazard_bin_20,2.003897000586922,2.003897000586922,S4_SAFETY_RICH_NAVEEN12
ProvenanceConditionedHazard,num__seconds_since_observed,-1.9947382308856088,1.9947382308856088,S4_SAFETY_RICH_NAVEEN12
ProvenanceConditionedHazard,cat__hazard_bin_16,1.9426670647058688,1.9426670647058688,S4_SAFETY_RICH_NAVEEN12
ProvenanceConditionedHazard,cat__hazard_bin_6,-1.934365922588106,1.934365922588106,S4_SAFETY_RICH_NAVEEN12
ProvenanceConditionedHazard,cat__hazard_bin_19,1.9051417090640617,1.9051417090640617,S4_SAFETY_RICH_NAVEEN12
ProvenanceConditionedHazard,cat__hazard_bin_15,1.8508353891613454,1.8508353891613454,S4_SAFETY_RICH_NAVEEN12
ProvenanceConditionedHazard,cat__hazard_bin_14,1.8389061773397017,1.8389061773397017,S4_SAFETY_RICH_NAVEEN12
ProvenanceConditionedHazard,cat__hazard_bin_13,1.7442967702393637,1.7442967702393637,S4_SAFETY_RICH_NAVEEN12
ProvenanceConditionedHazard,cat__hazard_bin_7,-1.5731498259927115,1.5731498259927115,S4_SAFETY_RICH_NAVEEN12
ProvenanceConditionedHazard,num__soc,-1.569427346784557,1.569427346784557,S4_SAFETY_RICH_NAVEEN12
ProvenanceConditionedHazard,cat__hazard_bin_12,1.4001864302917635,1.4001864302917635,S4_SAFETY_RICH_NAVEEN12
ProvenanceConditionedHazard,num__speed_mean_30s,1.3713373062482592,1.3713373062482592,S4_SAFETY_RICH_NAVEEN12
ProvenanceConditionedHazard,num__power_mean_10s,-1.2655988986568414,1.2655988986568414,S4_SAFETY_RICH_NAVEEN12
ProvenanceConditionedHazard,num__euclidean_remaining_m,1.2140653796011431,1.2140653796011431,S4_SAFETY_RICH_NAVEEN12
ProvenanceConditionedHazard,cat__hazard_bin_8,-1.2068238523097348,1.2068238523097348,S4_SAFETY_RICH_NAVEEN12
ProvenanceConditionedHazard,num__power_w,-1.0741250046512298,1.0741250046512298,S4_SAFETY_RICH_NAVEEN12
ProvenanceConditionedHazard,num__stop_share_30s,1.0425581189660198,1.0425581189660198,S4_SAFETY_RICH_NAVEEN12
ProvenanceConditionedHazard,num__reconstructed__edge_progress_fraction,-0.9671163288671891,0.9671163288671891,S4_SAFETY_RICH_NAVEEN12
ProvenanceConditionedHazard,num__observed_sample,-0.9611682321808434,0.9611682321808434,S4_SAFETY_RICH_NAVEEN12
ProvenanceConditionedHazard,num__short_causal_hold,0.9611682321808288,0.9611682321808288,S4_SAFETY_RICH_NAVEEN12
ProvenanceConditionedHazard,num__recorded__route_completion,-0.9441936610816064,0.9441936610816064,S4_SAFETY_RICH_NAVEEN12
ProvenanceConditionedHazard,num__reconstructed__graph_remaining_m,-0.9281027846944255,0.9281027846944255,S4_SAFETY_RICH_NAVEEN12
ProvenanceConditionedHazard,num__snap_distance_m,0.8978649273824478,0.8978649273824478,S4_SAFETY_RICH_NAVEEN12
ProvenanceConditionedHazard,num__recorded__node_degree,0.8481914068216795,0.8481914068216795,S4_SAFETY_RICH_NAVEEN12
ProvenanceConditionedHazard,num__recorded__edge_remaining_m,-0.8464412063376591,0.8464412063376591,S4_SAFETY_RICH_NAVEEN12
ProvenanceConditionedHazard,num__speed_std_10s,-0.8085558998664757,0.8085558998664757,S4_SAFETY_RICH_NAVEEN12
ProvenanceConditionedHazard,cat__hazard_bin_9,-0.7733609303433326,0.7733609303433326,S4_SAFETY_RICH_NAVEEN12
ProvenanceConditionedHazard,num__reconstructed__edge_lateral_error_m,-0.7486238353016305,0.7486238353016305,S4_SAFETY_RICH_NAVEEN12
ProvenanceConditionedHazard,num__speed_mean_5s,-0.6817419039147791,0.6817419039147791,S4_SAFETY_RICH_NAVEEN12
ProvenanceConditionedHazard,num__speed_mean_10s,0.5467931025962596,0.5467931025962596,S4_SAFETY_RICH_NAVEEN12
ProvenanceConditionedHazard,cat__hazard_bin_11,0.546254786035446,0.546254786035446,S4_SAFETY_RICH_NAVEEN12
ProvenanceConditionedHazard,cat__route_source_recorded,-0.5433140987900814,0.5433140987900814,S4_SAFETY_RICH_NAVEEN12
ProvenanceConditionedHazard,num__reconstructed__graph_progress_10s_m,0.47232277613510454,0.47232277613510454,S4_SAFETY_RICH_NAVEEN12
ProvenanceConditionedHazard,num__reconstructed__node_station,-0.4006531627652059,0.4006531627652059,S4_SAFETY_RICH_NAVEEN12
ProvenanceConditionedHazard,num__recorded__edge_lateral_error_m,-0.39736965807165797,0.39736965807165797,S4_SAFETY_RICH_NAVEEN12
ProvenanceConditionedHazard,num__recorded__edge_dwell_s,-0.39211287433063235,0.39211287433063235,S4_SAFETY_RICH_NAVEEN12
ProvenanceConditionedHazard,num__position_confidence,0.3840431909492841,0.3840431909492841,S4_SAFETY_RICH_NAVEEN12
ProvenanceConditionedHazard,num__recorded__node_corridor,0.3670633548688982,0.3670633548688982,S4_SAFETY_RICH_NAVEEN12
ProvenanceConditionedHazard,num__reconstructed__graph_progress_30s_m,0.3612099773587401,0.3612099773587401,S4_SAFETY_RICH_NAVEEN12
ProvenanceConditionedHazard,num__reconstructed__node_degree,0.3280166536919221,0.3280166536919221,S4_SAFETY_RICH_NAVEEN12
ProvenanceConditionedHazard,num__recorded__node_station,-0.2823990857305487,0.2823990857305487,S4_SAFETY_RICH_NAVEEN12
ProvenanceConditionedHazard,num__power_std_10s,0.26510898152743,0.26510898152743,S4_SAFETY_RICH_NAVEEN12
ProvenanceConditionedHazard,num__recorded__graph_progress_30s_m,0.2477365309696247,0.2477365309696247,S4_SAFETY_RICH_NAVEEN12
ProvenanceConditionedHazard,cat__hazard_bin_10,-0.1930610421328789,0.1930610421328789,S4_SAFETY_RICH_NAVEEN12
ProvenanceConditionedHazard,num__recorded__node_intersection,-0.1689375641902476,0.1689375641902476,S4_SAFETY_RICH_NAVEEN12
ProvenanceConditionedHazard,num__speed_mps,-0.16752094367611042,0.16752094367611042,S4_SAFETY_RICH_NAVEEN12
ProvenanceConditionedHazard,num__recorded__graph_progress_5s_m,-0.1581298974496981,0.1581298974496981,S4_SAFETY_RICH_NAVEEN12
ProvenanceConditionedHazard,num__recorded__graph_progress_rate_mps,-0.15812989744969264,0.15812989744969264,S4_SAFETY_RICH_NAVEEN12
ProvenanceConditionedHazard,num__recorded__edge_progress_fraction,0.15077584276378003,0.15077584276378003,S4_SAFETY_RICH_NAVEEN12
ProvenanceConditionedHazard,num__stop_share_5s,0.1413750109968549,0.1413750109968549,S4_SAFETY_RICH_NAVEEN12
ProvenanceConditionedHazard,num__euclidean_progress_rate_mps,0.1412578986537341,0.1412578986537341,S4_SAFETY_RICH_NAVEEN12
ProvenanceConditionedHazard,num__euclidean_progress_5s_m,0.1412578986537234,0.1412578986537234,S4_SAFETY_RICH_NAVEEN12
ProvenanceConditionedHazard,num__stop_share_10s,0.1335149398923602,0.1335149398923602,S4_SAFETY_RICH_NAVEEN12
ProvenanceConditionedHazard,num__reconstructed__graph_progress_5s_m,0.12342473801389899,0.12342473801389899,S4_SAFETY_RICH_NAVEEN12
ProvenanceConditionedHazard,num__reconstructed__graph_progress_rate_mps,0.12342473801389743,0.12342473801389743,S4_SAFETY_RICH_NAVEEN12
ProvenanceConditionedHazard,num__route_recorded,0.1116656033432613,0.1116656033432613,S4_SAFETY_RICH_NAVEEN12
ProvenanceConditionedHazard,num__route_reconstructed,-0.11166560334326006,0.11166560334326006,S4_SAFETY_RICH_NAVEEN12
ProvenanceConditionedHazard,num__recorded__graph_progress_10s_m,0.09202031994993705,0.09202031994993705,S4_SAFETY_RICH_NAVEEN12
ProvenanceConditionedHazard,num__recorded__graph_progress_1s_m,-0.0760494399900664,0.0760494399900664,S4_SAFETY_RICH_NAVEEN12
ProvenanceConditionedHazard,num__reconstructed__route_completion,-0.05917671434946757,0.05917671434946757,S4_SAFETY_RICH_NAVEEN12
ProvenanceConditionedHazard,num__reconstructed__graph_progress_1s_m,-0.05885492106309035,0.05885492106309035,S4_SAFETY_RICH_NAVEEN12
ProvenanceConditionedHazard,num__soc_drop_10s,0.05775841398781162,0.05775841398781162,S4_SAFETY_RICH_NAVEEN12
ProvenanceConditionedHazard,num__recorded__graph_progress_3s_m,-0.053694317202016874,0.053694317202016874,S4_SAFETY_RICH_NAVEEN12
ProvenanceConditionedHazard,num__reconstructed__edge_dwell_s,-0.045912241907823094,0.045912241907823094,S4_SAFETY_RICH_NAVEEN12
ProvenanceConditionedHazard,num__reconstructed__graph_progress_3s_m,0.03212860888796599,0.03212860888796599,S4_SAFETY_RICH_NAVEEN12
ProvenanceConditionedHazard,num__reconstructed__node_intersection,0.031078044589271415,0.031078044589271415,S4_SAFETY_RICH_NAVEEN12
ProvenanceConditionedHazard,cat__route_source_reconstructed_shortest,-0.029142753975023326,0.029142753975023326,S4_SAFETY_RICH_NAVEEN12
ProvenanceConditionedHazard,num__soc_drop_30s,0.016622957827846816,0.016622957827846816,S4_SAFETY_RICH_NAVEEN12
ProvenanceConditionedHazard,num__reconstructed__edge_remaining_m,-0.0017409828175187748,0.0017409828175187748,S4_SAFETY_RICH_NAVEEN12
ProvenanceConditionedHazard,num__graph_context_available,0.0,0.0,S4_SAFETY_RICH_NAVEEN12
ProvenanceConditionedHazard,num__telemetry_available,0.0,0.0,S4_SAFETY_RICH_NAVEEN12
ProvenanceConditionedHazard,num__reconstructed__node_corridor,0.0,0.0,S4_SAFETY_RICH_NAVEEN12
TelemetryHazard,num__current_ma,-3.2670502731762636,3.2670502731762636,S5_REAL_TMS_JULY10
TelemetryHazard,num__power_w,2.6386808042286343,2.6386808042286343,S5_REAL_TMS_JULY10
TelemetryHazard,num__stop_share_10s,-1.5584713085754682,1.5584713085754682,S5_REAL_TMS_JULY10
TelemetryHazard,cat__hazard_bin_4,-1.5297964431225082,1.5297964431225082,S5_REAL_TMS_JULY10
TelemetryHazard,cat__hazard_bin_5,-1.4542455099456986,1.4542455099456986,S5_REAL_TMS_JULY10
TelemetryHazard,num__speed_mean_10s,-1.3749493516285252,1.3749493516285252,S5_REAL_TMS_JULY10
TelemetryHazard,cat__hazard_bin_6,-1.3723560062617375,1.3723560062617375,S5_REAL_TMS_JULY10
TelemetryHazard,cat__hazard_bin_18,1.3159284645235683,1.3159284645235683,S5_REAL_TMS_JULY10
TelemetryHazard,cat__hazard_bin_20,1.3148925120938668,1.3148925120938668,S5_REAL_TMS_JULY10
TelemetryHazard,num__soc,-1.3130672323352055,1.3130672323352055,S5_REAL_TMS_JULY10
TelemetryHazard,cat__hazard_bin_17,1.3114471657399884,1.3114471657399884,S5_REAL_TMS_JULY10
TelemetryHazard,cat__hazard_bin_3,-1.3104290899858608,1.3104290899858608,S5_REAL_TMS_JULY10
TelemetryHazard,cat__hazard_bin_7,-1.3033105884777343,1.3033105884777343,S5_REAL_TMS_JULY10
TelemetryHazard,cat__hazard_bin_19,1.2986976397709684,1.2986976397709684,S5_REAL_TMS_JULY10
TelemetryHazard,cat__hazard_bin_14,1.2003067171280049,1.2003067171280049,S5_REAL_TMS_JULY10
TelemetryHazard,cat__hazard_bin_16,1.1983208591306125,1.1983208591306125,S5_REAL_TMS_JULY10
TelemetryHazard,cat__hazard_bin_15,1.1966782204026325,1.1966782204026325,S5_REAL_TMS_JULY10
TelemetryHazard,cat__hazard_bin_8,-1.1754301936831202,1.1754301936831202,S5_REAL_TMS_JULY10
TelemetryHazard,num__position_confidence,1.0832958589438597,1.0832958589438597,S5_REAL_TMS_JULY10
TelemetryHazard,num__wheel_mean,-1.0589267570453735,1.0589267570453735,S5_REAL_TMS_JULY10
TelemetryHazard,cat__hazard_bin_9,-1.043733388789236,1.043733388789236,S5_REAL_TMS_JULY10
TelemetryHazard,num__speed_mean_30s,1.0059953751117308,1.0059953751117308,S5_REAL_TMS_JULY10
TelemetryHazard,num__stop_share_30s,0.9928478002889164,0.9928478002889164,S5_REAL_TMS_JULY10
TelemetryHazard,cat__hazard_bin_10,-0.8975092278249173,0.8975092278249173,S5_REAL_TMS_JULY10
TelemetryHazard,num__short_causal_hold,-0.8067031817758561,0.8067031817758561,S5_REAL_TMS_JULY10
TelemetryHazard,num__observed_sample,0.8067031817758512,0.8067031817758512,S5_REAL_TMS_JULY10
TelemetryHazard,cat__hazard_bin_13,0.7699415882831812,0.7699415882831812,S5_REAL_TMS_JULY10
TelemetryHazard,num__seconds_since_observed,-0.7550853657291662,0.7550853657291662,S5_REAL_TMS_JULY10
TelemetryHazard,num__stop_share_5s,0.7228249052910427,0.7228249052910427,S5_REAL_TMS_JULY10
TelemetryHazard,num__speed_std_10s,-0.6761895491750921,0.6761895491750921,S5_REAL_TMS_JULY10
TelemetryHazard,cat__hazard_bin_11,-0.5222148500173613,0.5222148500173613,S5_REAL_TMS_JULY10
TelemetryHazard,num__speed_mean_5s,0.40982261633046263,0.40982261633046263,S5_REAL_TMS_JULY10
TelemetryHazard,num__power_std_10s,0.36526941825222686,0.36526941825222686,S5_REAL_TMS_JULY10
TelemetryHazard,cat__hazard_bin_1,-0.3159201916920755,0.3159201916920755,S5_REAL_TMS_JULY10
TelemetryHazard,cat__hazard_bin_2,-0.27672947287302235,0.27672947287302235,S5_REAL_TMS_JULY10
TelemetryHazard,num__wheel_abs_diff,-0.2638640354645639,0.2638640354645639,S5_REAL_TMS_JULY10
TelemetryHazard,cat__hazard_bin_12,0.1563686357041339,0.1563686357041339,S5_REAL_TMS_JULY10
TelemetryHazard,num__power_mean_10s,-0.155931232927423,0.155931232927423,S5_REAL_TMS_JULY10
TelemetryHazard,num__speed_mps,-0.10486504739052134,0.10486504739052134,S5_REAL_TMS_JULY10
TelemetryHazard,num__voltage_mv,-0.0665606115614737,0.0665606115614737,S5_REAL_TMS_JULY10
TelemetryHazard,num__soc_drop_10s,-0.030710505412101484,0.030710505412101484,S5_REAL_TMS_JULY10
TelemetryHazard,num__soc_drop_30s,0.02586549530331042,0.02586549530331042,S5_REAL_TMS_JULY10
TelemetryHazard,num__telemetry_available,0.0,0.0,S5_REAL_TMS_JULY10
UngatedGraphHazard,cat__route_source_recorded,-3.360589279541108,3.360589279541108,S5_REAL_TMS_JULY10
UngatedGraphHazard,cat__hazard_bin_4,-1.6503751430437619,1.6503751430437619,S5_REAL_TMS_JULY10
UngatedGraphHazard,cat__route_source_reconstructed_shortest,1.6469389922460551,1.6469389922460551,S5_REAL_TMS_JULY10
UngatedGraphHazard,cat__hazard_bin_5,-1.6025436277801193,1.6025436277801193,S5_REAL_TMS_JULY10
UngatedGraphHazard,cat__hazard_bin_6,-1.548940827953435,1.548940827953435,S5_REAL_TMS_JULY10
UngatedGraphHazard,cat__hazard_bin_18,1.4977333175391292,1.4977333175391292,S5_REAL_TMS_JULY10
UngatedGraphHazard,cat__hazard_bin_7,-1.4838112869286035,1.4838112869286035,S5_REAL_TMS_JULY10
UngatedGraphHazard,cat__hazard_bin_19,1.461683424237751,1.461683424237751,S5_REAL_TMS_JULY10
UngatedGraphHazard,cat__hazard_bin_20,1.4599802659715344,1.4599802659715344,S5_REAL_TMS_JULY10
UngatedGraphHazard,cat__hazard_bin_3,-1.4511875796973357,1.4511875796973357,S5_REAL_TMS_JULY10
UngatedGraphHazard,cat__hazard_bin_17,1.4340002239149132,1.4340002239149132,S5_REAL_TMS_JULY10
UngatedGraphHazard,cat__hazard_bin_8,-1.3607140798349724,1.3607140798349724,S5_REAL_TMS_JULY10
UngatedGraphHazard,cat__hazard_bin_14,1.1807522905519519,1.1807522905519519,S5_REAL_TMS_JULY10
UngatedGraphHazard,cat__hazard_bin_16,1.1713282281502664,1.1713282281502664,S5_REAL_TMS_JULY10
UngatedGraphHazard,cat__hazard_bin_15,1.1477548231949448,1.1477548231949448,S5_REAL_TMS_JULY10
UngatedGraphHazard,num__position_confidence,1.1011697959725588,1.1011697959725588,S5_REAL_TMS_JULY10
UngatedGraphHazard,cat__hazard_bin_9,-1.0974311755464914,1.0974311755464914,S5_REAL_TMS_JULY10
UngatedGraphHazard,num__speed_mean_10s,-1.0923626009594944,1.0923626009594944,S5_REAL_TMS_JULY10
UngatedGraphHazard,num__graph_progress_30s_m,-1.0386313688116195,1.0386313688116195,S5_REAL_TMS_JULY10
UngatedGraphHazard,num__speed_mean_30s,1.006147455883105,1.006147455883105,S5_REAL_TMS_JULY10
UngatedGraphHazard,num__stop_share_30s,0.9763651040150635,0.9763651040150635,S5_REAL_TMS_JULY10
UngatedGraphHazard,num__graph_progress_10s_m,0.9381552107355535,0.9381552107355535,S5_REAL_TMS_JULY10
UngatedGraphHazard,num__stop_share_5s,0.8601728284883741,0.8601728284883741,S5_REAL_TMS_JULY10
UngatedGraphHazard,cat__hazard_bin_10,-0.8358265266869696,0.8358265266869696,S5_REAL_TMS_JULY10
UngatedGraphHazard,num__speed_std_10s,-0.7960544584606145,0.7960544584606145,S5_REAL_TMS_JULY10
UngatedGraphHazard,cat__hazard_bin_13,0.7498463073763435,0.7498463073763435,S5_REAL_TMS_JULY10
UngatedGraphHazard,num__wheel_mean,-0.7348586725537483,0.7348586725537483,S5_REAL_TMS_JULY10
UngatedGraphHazard,num__soc,0.6676140659646135,0.6676140659646135,S5_REAL_TMS_JULY10
UngatedGraphHazard,num__stop_share_10s,-0.5896159730007324,0.5896159730007324,S5_REAL_TMS_JULY10
UngatedGraphHazard,num__route_completion,0.48008238959627153,0.48008238959627153,S5_REAL_TMS_JULY10
UngatedGraphHazard,cat__hazard_bin_2,-0.4760009390472009,0.4760009390472009,S5_REAL_TMS_JULY10
UngatedGraphHazard,num__power_mean_10s,0.45034321841688807,0.45034321841688807,S5_REAL_TMS_JULY10
UngatedGraphHazard,num__graph_progress_5s_m,-0.43789880884930754,0.43789880884930754,S5_REAL_TMS_JULY10
UngatedGraphHazard,num__graph_progress_rate_mps,-0.437898808849275,0.437898808849275,S5_REAL_TMS_JULY10
UngatedGraphHazard,num__power_w,-0.412949992438548,0.412949992438548,S5_REAL_TMS_JULY10
UngatedGraphHazard,num__power_std_10s,0.4113737890626828,0.4113737890626828,S5_REAL_TMS_JULY10
UngatedGraphHazard,cat__hazard_bin_11,-0.39222857608255285,0.39222857608255285,S5_REAL_TMS_JULY10
UngatedGraphHazard,num__node_intersection,0.34829860417663944,0.34829860417663944,S5_REAL_TMS_JULY10
UngatedGraphHazard,num__edge_lateral_error_m,-0.3364634823251345,0.3364634823251345,S5_REAL_TMS_JULY10
UngatedGraphHazard,num__euclidean_remaining_m,-0.32484811293885435,0.32484811293885435,S5_REAL_TMS_JULY10
UngatedGraphHazard,num__speed_mps,-0.3158031266266343,0.3158031266266343,S5_REAL_TMS_JULY10
UngatedGraphHazard,num__node_degree,-0.26379124566365475,0.26379124566365475,S5_REAL_TMS_JULY10
UngatedGraphHazard,num__euclidean_progress_rate_mps,0.2557010339159733,0.2557010339159733,S5_REAL_TMS_JULY10
UngatedGraphHazard,num__euclidean_progress_5s_m,0.25570103391595433,0.25570103391595433,S5_REAL_TMS_JULY10
UngatedGraphHazard,cat__hazard_bin_12,0.23305686082046811,0.23305686082046811,S5_REAL_TMS_JULY10
UngatedGraphHazard,num__node_station,-0.2235237627931743,0.2235237627931743,S5_REAL_TMS_JULY10
UngatedGraphHazard,num__soc_drop_30s,0.21061400472897582,0.21061400472897582,S5_REAL_TMS_JULY10
UngatedGraphHazard,num__graph_progress_3s_m,0.2102508028925642,0.2102508028925642,S5_REAL_TMS_JULY10
UngatedGraphHazard,num__observed_sample,0.2091230177171361,0.2091230177171361,S5_REAL_TMS_JULY10
UngatedGraphHazard,num__short_causal_hold,-0.20912301771713382,0.20912301771713382,S5_REAL_TMS_JULY10
UngatedGraphHazard,num__node_corridor,-0.1994829750395466,0.1994829750395466,S5_REAL_TMS_JULY10
UngatedGraphHazard,num__voltage_mv,-0.18811476314890999,0.18811476314890999,S5_REAL_TMS_JULY10
UngatedGraphHazard,num__seconds_since_observed,-0.1828902432391618,0.1828902432391618,S5_REAL_TMS_JULY10
UngatedGraphHazard,num__speed_mean_5s,0.1786240520211007,0.1786240520211007,S5_REAL_TMS_JULY10
UngatedGraphHazard,cat__hazard_bin_1,-0.15072626645077655,0.15072626645077655,S5_REAL_TMS_JULY10
UngatedGraphHazard,num__soc_drop_10s,-0.14099928752285662,0.14099928752285662,S5_REAL_TMS_JULY10
UngatedGraphHazard,num__edge_remaining_m,0.12016006043531081,0.12016006043531081,S5_REAL_TMS_JULY10
UngatedGraphHazard,num__graph_progress_1s_m,0.11639831869386791,0.11639831869386791,S5_REAL_TMS_JULY10
UngatedGraphHazard,num__wheel_abs_diff,-0.10899105832003364,0.10899105832003364,S5_REAL_TMS_JULY10
UngatedGraphHazard,num__edge_dwell_s,0.08555666008429923,0.08555666008429923,S5_REAL_TMS_JULY10
UngatedGraphHazard,num__current_ma,0.07214196127744905,0.07214196127744905,S5_REAL_TMS_JULY10
UngatedGraphHazard,num__edge_progress_fraction,0.07075668416878936,0.07075668416878936,S5_REAL_TMS_JULY10
UngatedGraphHazard,num__graph_remaining_m,-0.04048955868228277,0.04048955868228277,S5_REAL_TMS_JULY10
UngatedGraphHazard,num__telemetry_available,0.0,0.0,S5_REAL_TMS_JULY10
ProvenanceConditionedHazard,cat__hazard_bin_4,-1.6488690644269353,1.6488690644269353,S5_REAL_TMS_JULY10
ProvenanceConditionedHazard,cat__hazard_bin_5,-1.5780933022393875,1.5780933022393875,S5_REAL_TMS_JULY10
ProvenanceConditionedHazard,cat__hazard_bin_19,1.5725395124787749,1.5725395124787749,S5_REAL_TMS_JULY10
ProvenanceConditionedHazard,cat__hazard_bin_20,1.5617095959716472,1.5617095959716472,S5_REAL_TMS_JULY10
ProvenanceConditionedHazard,cat__hazard_bin_17,1.4819169457707235,1.4819169457707235,S5_REAL_TMS_JULY10
ProvenanceConditionedHazard,cat__hazard_bin_6,-1.4786552258047352,1.4786552258047352,S5_REAL_TMS_JULY10
ProvenanceConditionedHazard,num__stop_share_30s,1.4675575843975133,1.4675575843975133,S5_REAL_TMS_JULY10
ProvenanceConditionedHazard,cat__hazard_bin_18,1.4649114318947478,1.4649114318947478,S5_REAL_TMS_JULY10
ProvenanceConditionedHazard,cat__hazard_bin_3,-1.4537395699776534,1.4537395699776534,S5_REAL_TMS_JULY10
ProvenanceConditionedHazard,num__speed_mean_30s,1.4400955245029659,1.4400955245029659,S5_REAL_TMS_JULY10
ProvenanceConditionedHazard,cat__hazard_bin_7,-1.4245743665612707,1.4245743665612707,S5_REAL_TMS_JULY10
ProvenanceConditionedHazard,num__speed_mean_10s,-1.3765151837779726,1.3765151837779726,S5_REAL_TMS_JULY10
ProvenanceConditionedHazard,cat__hazard_bin_8,-1.3014272278761114,1.3014272278761114,S5_REAL_TMS_JULY10
ProvenanceConditionedHazard,cat__hazard_bin_16,1.2331943628557342,1.2331943628557342,S5_REAL_TMS_JULY10
ProvenanceConditionedHazard,cat__hazard_bin_14,1.2115413771843835,1.2115413771843835,S5_REAL_TMS_JULY10
ProvenanceConditionedHazard,cat__hazard_bin_15,1.204446471620152,1.204446471620152,S5_REAL_TMS_JULY10
ProvenanceConditionedHazard,num__position_confidence,1.0927619112131541,1.0927619112131541,S5_REAL_TMS_JULY10
ProvenanceConditionedHazard,cat__hazard_bin_9,-1.0577055566912794,1.0577055566912794,S5_REAL_TMS_JULY10
ProvenanceConditionedHazard,num__reconstructed__graph_progress_30s_m,-1.0414547850676286,1.0414547850676286,S5_REAL_TMS_JULY10
ProvenanceConditionedHazard,num__soc,0.939809286858464,0.939809286858464,S5_REAL_TMS_JULY10
ProvenanceConditionedHazard,num__reconstructed__graph_progress_10s_m,0.8672644001806515,0.8672644001806515,S5_REAL_TMS_JULY10
ProvenanceConditionedHazard,num__speed_std_10s,-0.8321885860193241,0.8321885860193241,S5_REAL_TMS_JULY10
ProvenanceConditionedHazard,cat__hazard_bin_10,-0.8134322820801971,0.8134322820801971,S5_REAL_TMS_JULY10
ProvenanceConditionedHazard,cat__hazard_bin_13,0.8019910590438201,0.8019910590438201,S5_REAL_TMS_JULY10
ProvenanceConditionedHazard,cat__route_source_reconstructed_shortest,-0.7957477532902633,0.7957477532902633,S5_REAL_TMS_JULY10
ProvenanceConditionedHazard,num__power_w,-0.7764489474812871,0.7764489474812871,S5_REAL_TMS_JULY10
ProvenanceConditionedHazard,num__stop_share_10s,-0.772500049589154,0.772500049589154,S5_REAL_TMS_JULY10
ProvenanceConditionedHazard,num__reconstructed__edge_lateral_error_m,-0.7699887996755077,0.7699887996755077,S5_REAL_TMS_JULY10
ProvenanceConditionedHazard,num__snap_distance_m,0.652462376468548,0.652462376468548,S5_REAL_TMS_JULY10
ProvenanceConditionedHazard,num__stop_share_5s,0.621174220083071,0.621174220083071,S5_REAL_TMS_JULY10
ProvenanceConditionedHazard,num__speed_mps,-0.5709446090101085,0.5709446090101085,S5_REAL_TMS_JULY10
ProvenanceConditionedHazard,num__reconstructed__route_completion,0.5682214503383726,0.5682214503383726,S5_REAL_TMS_JULY10
ProvenanceConditionedHazard,num__wheel_mean,-0.5523757166399976,0.5523757166399976,S5_REAL_TMS_JULY10
ProvenanceConditionedHazard,num__current_ma,0.46631996951700855,0.46631996951700855,S5_REAL_TMS_JULY10
ProvenanceConditionedHazard,num__power_mean_10s,0.464367324028641,0.464367324028641,S5_REAL_TMS_JULY10
ProvenanceConditionedHazard,cat__hazard_bin_2,-0.44580141819280816,0.44580141819280816,S5_REAL_TMS_JULY10
ProvenanceConditionedHazard,num__reconstructed__node_intersection,0.40431297258207255,0.40431297258207255,S5_REAL_TMS_JULY10
ProvenanceConditionedHazard,cat__hazard_bin_11,-0.383062095619081,0.383062095619081,S5_REAL_TMS_JULY10
ProvenanceConditionedHazard,num__power_std_10s,0.3822793738417378,0.3822793738417378,S5_REAL_TMS_JULY10
ProvenanceConditionedHazard,num__reconstructed__node_degree,-0.37690666156756586,0.37690666156756586,S5_REAL_TMS_JULY10
ProvenanceConditionedHazard,num__euclidean_remaining_m,-0.3749066432080778,0.3749066432080778,S5_REAL_TMS_JULY10
ProvenanceConditionedHazard,num__reconstructed__graph_progress_5s_m,-0.3726042623180181,0.3726042623180181,S5_REAL_TMS_JULY10
ProvenanceConditionedHazard,num__reconstructed__graph_progress_rate_mps,-0.37260426231799976,0.37260426231799976,S5_REAL_TMS_JULY10
ProvenanceConditionedHazard,num__route_recorded,-0.3154848746436804,0.3154848746436804,S5_REAL_TMS_JULY10
ProvenanceConditionedHazard,num__route_reconstructed,0.315484874643667,0.315484874643667,S5_REAL_TMS_JULY10
ProvenanceConditionedHazard,num__recorded__edge_progress_fraction,-0.29142069158779493,0.29142069158779493,S5_REAL_TMS_JULY10
ProvenanceConditionedHazard,num__reconstructed__edge_progress_fraction,-0.29026518111129523,0.29026518111129523,S5_REAL_TMS_JULY10
ProvenanceConditionedHazard,num__recorded__graph_remaining_m,-0.2725955313035136,0.2725955313035136,S5_REAL_TMS_JULY10
ProvenanceConditionedHazard,cat__hazard_bin_12,0.2637539662442297,0.2637539662442297,S5_REAL_TMS_JULY10
ProvenanceConditionedHazard,num__reconstructed__node_station,-0.25737970046342573,0.25737970046342573,S5_REAL_TMS_JULY10
ProvenanceConditionedHazard,num__euclidean_progress_rate_mps,0.253107750971116,0.253107750971116,S5_REAL_TMS_JULY10
ProvenanceConditionedHazard,num__euclidean_progress_5s_m,0.2531077509710885,0.2531077509710885,S5_REAL_TMS_JULY10
ProvenanceConditionedHazard,num__recorded__node_degree,-0.252522906650203,0.252522906650203,S5_REAL_TMS_JULY10
ProvenanceConditionedHazard,num__recorded__route_completion,-0.23142605656813203,0.23142605656813203,S5_REAL_TMS_JULY10
ProvenanceConditionedHazard,num__recorded__node_intersection,-0.21738328667601603,0.21738328667601603,S5_REAL_TMS_JULY10
ProvenanceConditionedHazard,num__soc_drop_30s,0.21458269550490072,0.21458269550490072,S5_REAL_TMS_JULY10
ProvenanceConditionedHazard,num__recorded__edge_dwell_s,-0.21340455760551935,0.21340455760551935,S5_REAL_TMS_JULY10
ProvenanceConditionedHazard,num__recorded__edge_remaining_m,-0.21218171333339672,0.21218171333339672,S5_REAL_TMS_JULY10
ProvenanceConditionedHazard,num__reconstructed__graph_progress_3s_m,0.19987941242127835,0.19987941242127835,S5_REAL_TMS_JULY10
ProvenanceConditionedHazard,num__recorded__node_corridor,-0.17270158137274721,0.17270158137274721,S5_REAL_TMS_JULY10
ProvenanceConditionedHazard,num__recorded__node_station,-0.16715315029750102,0.16715315029750102,S5_REAL_TMS_JULY10
ProvenanceConditionedHazard,cat__hazard_bin_1,-0.15729123405217205,0.15729123405217205,S5_REAL_TMS_JULY10
ProvenanceConditionedHazard,cat__route_source_recorded,-0.15089886716712678,0.15089886716712678,S5_REAL_TMS_JULY10
ProvenanceConditionedHazard,num__voltage_mv,-0.1374702868910175,0.1374702868910175,S5_REAL_TMS_JULY10
ProvenanceConditionedHazard,num__soc_drop_10s,-0.11413119748124177,0.11413119748124177,S5_REAL_TMS_JULY10
ProvenanceConditionedHazard,num__speed_mean_5s,-0.10363150425802868,0.10363150425802868,S5_REAL_TMS_JULY10
ProvenanceConditionedHazard,num__recorded__edge_lateral_error_m,-0.1023482097396697,0.1023482097396697,S5_REAL_TMS_JULY10
ProvenanceConditionedHazard,num__observed_sample,0.09883063796268374,0.09883063796268374,S5_REAL_TMS_JULY10
ProvenanceConditionedHazard,num__short_causal_hold,-0.09883063796267366,0.09883063796267366,S5_REAL_TMS_JULY10
ProvenanceConditionedHazard,num__seconds_since_observed,-0.09326171692664227,0.09326171692664227,S5_REAL_TMS_JULY10
ProvenanceConditionedHazard,num__reconstructed__graph_remaining_m,0.0797521345390662,0.0797521345390662,S5_REAL_TMS_JULY10
ProvenanceConditionedHazard,num__reconstructed__edge_remaining_m,-0.0667922619985873,0.0667922619985873,S5_REAL_TMS_JULY10
ProvenanceConditionedHazard,num__reconstructed__graph_progress_1s_m,0.06677663529108986,0.06677663529108986,S5_REAL_TMS_JULY10
ProvenanceConditionedHazard,num__wheel_abs_diff,-0.061770370621889434,0.061770370621889434,S5_REAL_TMS_JULY10
ProvenanceConditionedHazard,num__reconstructed__node_corridor,-0.057509489940033666,0.057509489940033666,S5_REAL_TMS_JULY10
ProvenanceConditionedHazard,num__reconstructed__edge_dwell_s,0.050426911507053175,0.050426911507053175,S5_REAL_TMS_JULY10
ProvenanceConditionedHazard,num__recorded__graph_progress_3s_m,0.0327912616937193,0.0327912616937193,S5_REAL_TMS_JULY10
ProvenanceConditionedHazard,num__recorded__graph_progress_30s_m,-0.02434556005955039,0.02434556005955039,S5_REAL_TMS_JULY10
ProvenanceConditionedHazard,num__recorded__graph_progress_10s_m,-0.014877628099693523,0.014877628099693523,S5_REAL_TMS_JULY10
ProvenanceConditionedHazard,num__recorded__graph_progress_1s_m,0.01218938293878961,0.01218938293878961,S5_REAL_TMS_JULY10
ProvenanceConditionedHazard,num__recorded__graph_progress_rate_mps,-0.00839431268932255,0.00839431268932255,S5_REAL_TMS_JULY10
ProvenanceConditionedHazard,num__recorded__graph_progress_5s_m,-0.008394312689322309,0.008394312689322309,S5_REAL_TMS_JULY10
ProvenanceConditionedHazard,num__telemetry_available,0.0,0.0,S5_REAL_TMS_JULY10
ProvenanceConditionedHazard,num__graph_context_available,0.0,0.0,S5_REAL_TMS_JULY10
