case_id,automatic_case_type,session,case_time,mission_leg_id,temporal_segment_id
CASE_001,detected_onset,S4_SAFETY_RICH_NAVEEN12,2026-03-01 01:39:18,S4_SAFETY_RICH_NAVEEN12_L58,1.0
CASE_002,detected_onset,S4_SAFETY_RICH_NAVEEN12,2026-03-01 00:47:46,S4_SAFETY_RICH_NAVEEN12_L12,1.0
CASE_003,negative_control,S5_REAL_TMS_JULY10,2026-07-10 10:28:35,S5_REAL_TMS_JULY10_L129,9.0
CASE_004,detected_onset,S1_LOW_SOC_STRESS,2026-06-22 17:00:39,S1_LOW_SOC_STRESS_L547,90.0
CASE_005,negative_control,S3_MEDIUM_SOC_WHOLETESTING,2026-03-01 00:37:05,S3_MEDIUM_SOC_WHOLETESTING_L54,1.0
CASE_006,negative_control,S3_MEDIUM_SOC_WHOLETESTING,2026-03-01 00:40:20,S3_MEDIUM_SOC_WHOLETESTING_L62,1.0
CASE_007,detected_onset,S4_SAFETY_RICH_NAVEEN12,2026-03-01 01:40:06,S4_SAFETY_RICH_NAVEEN12_L59,1.0
CASE_008,detected_onset,S4_SAFETY_RICH_NAVEEN12,2026-03-01 00:55:02,S4_SAFETY_RICH_NAVEEN12_L16,1.0
CASE_009,detected_onset,S1_LOW_SOC_STRESS,2026-06-22 16:16:46,S1_LOW_SOC_STRESS_L331,54.0
CASE_010,detected_onset,S1_LOW_SOC_STRESS,2026-06-22 15:14:24,S1_LOW_SOC_STRESS_L31,8.0
CASE_011,detected_onset,S3_MEDIUM_SOC_WHOLETESTING,2026-03-01 00:35:04,S3_MEDIUM_SOC_WHOLETESTING_L50,1.0
CASE_012,negative_control,S2_HIGH_SOC_CONTROL,2026-06-18 11:26:52,S2_HIGH_SOC_CONTROL_L81,13.0
CASE_013,detected_onset,S4_SAFETY_RICH_NAVEEN12,2026-03-01 01:14:13,S4_SAFETY_RICH_NAVEEN12_L33,1.0
CASE_014,detected_onset,S3_MEDIUM_SOC_WHOLETESTING,2026-03-01 00:20:10,S3_MEDIUM_SOC_WHOLETESTING_L24,1.0
CASE_015,detected_onset,S4_SAFETY_RICH_NAVEEN12,2026-03-01 01:02:13,S4_SAFETY_RICH_NAVEEN12_L21,1.0
CASE_016,detected_onset,S1_LOW_SOC_STRESS,2026-06-22 15:50:28,S1_LOW_SOC_STRESS_L242,43.0
CASE_017,detected_onset,S1_LOW_SOC_STRESS,2026-06-22 17:08:22,S1_LOW_SOC_STRESS_L567,95.0
CASE_018,detected_onset,S1_LOW_SOC_STRESS,2026-06-22 16:29:02,S1_LOW_SOC_STRESS_L428,70.0
CASE_019,negative_control,S4_SAFETY_RICH_NAVEEN12,2026-03-01 00:56:58,S4_SAFETY_RICH_NAVEEN12_L17,1.0
CASE_020,negative_control,S2_HIGH_SOC_CONTROL,2026-06-18 11:19:04,S2_HIGH_SOC_CONTROL_L15,2.0
CASE_021,detected_onset,S4_SAFETY_RICH_NAVEEN12,2026-03-01 01:18:10,S4_SAFETY_RICH_NAVEEN12_L37,1.0
CASE_022,negative_control,S1_LOW_SOC_STRESS,2026-06-22 16:27:02,S1_LOW_SOC_STRESS_L427,70.0
CASE_023,negative_control,S1_LOW_SOC_STRESS,2026-06-22 16:04:12,S1_LOW_SOC_STRESS_L283,47.0
CASE_024,detected_onset,S1_LOW_SOC_STRESS,2026-06-22 16:51:12,S1_LOW_SOC_STRESS_L520,86.0
CASE_025,detected_onset,S4_SAFETY_RICH_NAVEEN12,2026-03-01 00:44:43,S4_SAFETY_RICH_NAVEEN12_L11,1.0
CASE_026,detected_onset,S3_MEDIUM_SOC_WHOLETESTING,2026-03-01 00:38:59,S3_MEDIUM_SOC_WHOLETESTING_L60,1.0
CASE_027,detected_onset,S1_LOW_SOC_STRESS,2026-06-22 16:13:51,S1_LOW_SOC_STRESS_L322,52.0
CASE_028,negative_control,S3_MEDIUM_SOC_WHOLETESTING,2026-03-01 00:32:51,S3_MEDIUM_SOC_WHOLETESTING_L46,1.0
CASE_029,detected_onset,S1_LOW_SOC_STRESS,2026-06-22 16:24:46,S1_LOW_SOC_STRESS_L414,68.0
CASE_030,detected_onset,S4_SAFETY_RICH_NAVEEN12,2026-03-01 01:43:56,S4_SAFETY_RICH_NAVEEN12_L60,1.0
CASE_031,negative_control,S5_REAL_TMS_JULY10,2026-07-10 10:40:22,S5_REAL_TMS_JULY10_L174,14.0
CASE_032,detected_onset,S3_MEDIUM_SOC_WHOLETESTING,2026-03-01 00:32:15,S3_MEDIUM_SOC_WHOLETESTING_L46,1.0
CASE_033,detected_onset,S3_MEDIUM_SOC_WHOLETESTING,2026-03-01 00:29:40,S3_MEDIUM_SOC_WHOLETESTING_L44,1.0
CASE_034,negative_control,S4_SAFETY_RICH_NAVEEN12,2026-03-01 00:42:07,S4_SAFETY_RICH_NAVEEN12_L9,1.0
CASE_035,detected_onset,S1_LOW_SOC_STRESS,2026-06-22 15:52:43,S1_LOW_SOC_STRESS_L250,44.0
CASE_036,detected_onset,S4_SAFETY_RICH_NAVEEN12,2026-03-01 01:10:08,S4_SAFETY_RICH_NAVEEN12_L27,1.0
CASE_037,negative_control,S1_LOW_SOC_STRESS,2026-06-22 16:08:29,S1_LOW_SOC_STRESS_L298,49.0
CASE_038,detected_onset,S4_SAFETY_RICH_NAVEEN12,2026-03-01 00:36:47,S4_SAFETY_RICH_NAVEEN12_L3,1.0
CASE_039,detected_onset,S1_LOW_SOC_STRESS,2026-06-22 16:57:21,S1_LOW_SOC_STRESS_L533,87.0
CASE_040,negative_control,S1_LOW_SOC_STRESS,2026-06-22 17:18:13,S1_LOW_SOC_STRESS_L620,104.0
CASE_041,detected_onset,S3_MEDIUM_SOC_WHOLETESTING,2026-03-01 00:41:58,S3_MEDIUM_SOC_WHOLETESTING_L64,1.0
CASE_042,detected_onset,S1_LOW_SOC_STRESS,2026-06-22 16:06:15,S1_LOW_SOC_STRESS_L294,49.0
CASE_043,detected_onset,S4_SAFETY_RICH_NAVEEN12,2026-03-01 01:23:34,S4_SAFETY_RICH_NAVEEN12_L47,1.0
CASE_044,detected_onset,S3_MEDIUM_SOC_WHOLETESTING,2026-03-01 00:22:47,S3_MEDIUM_SOC_WHOLETESTING_L28,1.0
CASE_045,detected_onset,S1_LOW_SOC_STRESS,2026-06-22 17:03:10,S1_LOW_SOC_STRESS_L549,91.0
CASE_046,negative_control,S3_MEDIUM_SOC_WHOLETESTING,2026-03-01 00:20:38,S3_MEDIUM_SOC_WHOLETESTING_L24,1.0
CASE_047,detected_onset,S3_MEDIUM_SOC_WHOLETESTING,2026-03-01 00:19:30,S3_MEDIUM_SOC_WHOLETESTING_L22,1.0
CASE_048,detected_onset,S4_SAFETY_RICH_NAVEEN12,2026-03-01 01:21:27,S4_SAFETY_RICH_NAVEEN12_L40,1.0
CASE_049,detected_onset,S1_LOW_SOC_STRESS,2026-06-22 16:41:24,S1_LOW_SOC_STRESS_L473,73.0
CASE_050,detected_onset,S1_LOW_SOC_STRESS,2026-06-22 17:18:56,S1_LOW_SOC_STRESS_L620,104.0
CASE_051,detected_onset,S1_LOW_SOC_STRESS,2026-06-22 15:44:27,S1_LOW_SOC_STRESS_L211,38.0
CASE_052,detected_onset,S1_LOW_SOC_STRESS,2026-06-22 16:57:53,S1_LOW_SOC_STRESS_L535,88.0
CASE_053,detected_onset,S4_SAFETY_RICH_NAVEEN12,2026-03-01 00:43:03,S4_SAFETY_RICH_NAVEEN12_L9,1.0
CASE_054,detected_onset,S1_LOW_SOC_STRESS,2026-06-22 16:10:50,S1_LOW_SOC_STRESS_L318,52.0
CASE_055,negative_control,S2_HIGH_SOC_CONTROL,2026-06-18 11:29:22,S2_HIGH_SOC_CONTROL_L89,15.0
CASE_056,detected_onset,S1_LOW_SOC_STRESS,2026-06-22 15:57:26,S1_LOW_SOC_STRESS_L275,47.0
CASE_057,negative_control,S2_HIGH_SOC_CONTROL,2026-06-18 11:33:18,S2_HIGH_SOC_CONTROL_L115,18.0
CASE_058,detected_onset,S4_SAFETY_RICH_NAVEEN12,2026-03-01 00:37:18,S4_SAFETY_RICH_NAVEEN12_L3,1.0
CASE_059,negative_control,S4_SAFETY_RICH_NAVEEN12,2026-03-01 00:36:21,S4_SAFETY_RICH_NAVEEN12_L3,1.0
CASE_060,detected_onset,S4_SAFETY_RICH_NAVEEN12,2026-03-01 01:24:05,S4_SAFETY_RICH_NAVEEN12_L47,1.0
CASE_061,negative_control,S5_REAL_TMS_JULY10,2026-07-10 10:47:33,S5_REAL_TMS_JULY10_L198,15.0
CASE_062,detected_onset,S4_SAFETY_RICH_NAVEEN12,2026-03-01 01:22:27,S4_SAFETY_RICH_NAVEEN12_L43,1.0
CASE_063,detected_onset,S4_SAFETY_RICH_NAVEEN12,2026-03-01 00:59:03,S4_SAFETY_RICH_NAVEEN12_L18,1.0
CASE_064,detected_onset,S4_SAFETY_RICH_NAVEEN12,2026-03-01 01:18:51,S4_SAFETY_RICH_NAVEEN12_L37,1.0
CASE_065,detected_onset,S4_SAFETY_RICH_NAVEEN12,2026-03-01 01:45:25,S4_SAFETY_RICH_NAVEEN12_L61,1.0
CASE_066,detected_onset,S4_SAFETY_RICH_NAVEEN12,2026-03-01 01:13:26,S4_SAFETY_RICH_NAVEEN12_L32,1.0
CASE_067,negative_control,S1_LOW_SOC_STRESS,2026-06-22 15:35:02,S1_LOW_SOC_STRESS_L156,25.0
CASE_068,detected_onset,S4_SAFETY_RICH_NAVEEN12,2026-03-01 01:35:48,S4_SAFETY_RICH_NAVEEN12_L56,1.0
CASE_069,negative_control,S5_REAL_TMS_JULY10,2026-07-10 10:32:57,S5_REAL_TMS_JULY10_L159,14.0
CASE_070,negative_control,S2_HIGH_SOC_CONTROL,2026-06-18 11:32:38,S2_HIGH_SOC_CONTROL_L114,18.0
CASE_071,detected_onset,S4_SAFETY_RICH_NAVEEN12,2026-03-01 00:51:47,S4_SAFETY_RICH_NAVEEN12_L14,1.0
CASE_072,detected_onset,S4_SAFETY_RICH_NAVEEN12,2026-03-01 01:27:37,S4_SAFETY_RICH_NAVEEN12_L49,1.0
CASE_073,detected_onset,S4_SAFETY_RICH_NAVEEN12,2026-03-01 01:16:50,S4_SAFETY_RICH_NAVEEN12_L35,1.0
CASE_074,negative_control,S3_MEDIUM_SOC_WHOLETESTING,2026-03-01 00:42:45,S3_MEDIUM_SOC_WHOLETESTING_L64,1.0
CASE_075,detected_onset,S4_SAFETY_RICH_NAVEEN12,2026-03-01 01:24:18,S4_SAFETY_RICH_NAVEEN12_L48,1.0
CASE_076,detected_onset,S3_MEDIUM_SOC_WHOLETESTING,2026-03-01 00:36:45,S3_MEDIUM_SOC_WHOLETESTING_L54,1.0
CASE_077,negative_control,S5_REAL_TMS_JULY10,2026-07-10 10:23:00,S5_REAL_TMS_JULY10_L114,8.0
CASE_078,detected_onset,S4_SAFETY_RICH_NAVEEN12,2026-03-01 01:30:00,S4_SAFETY_RICH_NAVEEN12_L51,1.0
CASE_079,detected_onset,S4_SAFETY_RICH_NAVEEN12,2026-03-01 01:39:33,S4_SAFETY_RICH_NAVEEN12_L59,1.0
CASE_080,negative_control,S4_SAFETY_RICH_NAVEEN12,2026-03-01 01:09:28,S4_SAFETY_RICH_NAVEEN12_L27,1.0
CASE_081,detected_onset,S4_SAFETY_RICH_NAVEEN12,2026-03-01 00:40:07,S4_SAFETY_RICH_NAVEEN12_L7,1.0
CASE_082,detected_onset,S3_MEDIUM_SOC_WHOLETESTING,2026-03-01 00:30:05,S3_MEDIUM_SOC_WHOLETESTING_L44,1.0
CASE_083,detected_onset,S1_LOW_SOC_STRESS,2026-06-22 15:30:32,S1_LOW_SOC_STRESS_L135,21.0
CASE_084,detected_onset,S4_SAFETY_RICH_NAVEEN12,2026-03-01 01:20:25,S4_SAFETY_RICH_NAVEEN12_L38,1.0
CASE_085,detected_onset,S1_LOW_SOC_STRESS,2026-06-22 17:07:31,S1_LOW_SOC_STRESS_L565,94.0
CASE_086,detected_onset,S1_LOW_SOC_STRESS,2026-06-22 15:37:14,S1_LOW_SOC_STRESS_L166,28.0
CASE_087,detected_onset,S1_LOW_SOC_STRESS,2026-06-22 17:12:35,S1_LOW_SOC_STRESS_L581,96.0
CASE_088,negative_control,S4_SAFETY_RICH_NAVEEN12,2026-03-01 00:53:38,S4_SAFETY_RICH_NAVEEN12_L16,1.0
CASE_089,negative_control,S2_HIGH_SOC_CONTROL,2026-06-18 11:20:15,S2_HIGH_SOC_CONTROL_L18,2.0
CASE_090,negative_control,S4_SAFETY_RICH_NAVEEN12,2026-03-01 00:40:56,S4_SAFETY_RICH_NAVEEN12_L8,1.0
CASE_091,negative_control,S3_MEDIUM_SOC_WHOLETESTING,2026-03-01 00:39:14,S3_MEDIUM_SOC_WHOLETESTING_L60,1.0
CASE_092,detected_onset,S1_LOW_SOC_STRESS,2026-06-22 17:04:00,S1_LOW_SOC_STRESS_L551,92.0
CASE_093,detected_onset,S4_SAFETY_RICH_NAVEEN12,2026-03-01 01:31:23,S4_SAFETY_RICH_NAVEEN12_L51,1.0
CASE_094,negative_control,S1_LOW_SOC_STRESS,2026-06-22 17:14:26,S1_LOW_SOC_STRESS_L581,96.0
CASE_095,detected_onset,S1_LOW_SOC_STRESS,2026-06-22 16:47:40,S1_LOW_SOC_STRESS_L518,86.0
CASE_096,negative_control,S5_REAL_TMS_JULY10,2026-07-10 10:26:25,S5_REAL_TMS_JULY10_L127,9.0
CASE_097,detected_onset,S4_SAFETY_RICH_NAVEEN12,2026-03-01 01:19:51,S4_SAFETY_RICH_NAVEEN12_L38,1.0
