case_id,session,case_time,mission_leg_id,expert_label,expert_confidence,expert_reason,reviewer_id,review_date
CASE_001,S4_SAFETY_RICH_NAVEEN12,2026-03-01 01:39:18,S4_SAFETY_RICH_NAVEEN12_L58,,,,,
CASE_002,S4_SAFETY_RICH_NAVEEN12,2026-03-01 00:47:46,S4_SAFETY_RICH_NAVEEN12_L12,,,,,
CASE_003,S5_REAL_TMS_JULY10,2026-07-10 10:28:35,S5_REAL_TMS_JULY10_L129,,,,,
CASE_004,S1_LOW_SOC_STRESS,2026-06-22 17:00:39,S1_LOW_SOC_STRESS_L547,,,,,
CASE_005,S3_MEDIUM_SOC_WHOLETESTING,2026-03-01 00:37:05,S3_MEDIUM_SOC_WHOLETESTING_L54,,,,,
CASE_006,S3_MEDIUM_SOC_WHOLETESTING,2026-03-01 00:40:20,S3_MEDIUM_SOC_WHOLETESTING_L62,,,,,
CASE_007,S4_SAFETY_RICH_NAVEEN12,2026-03-01 01:40:06,S4_SAFETY_RICH_NAVEEN12_L59,,,,,
CASE_008,S4_SAFETY_RICH_NAVEEN12,2026-03-01 00:55:02,S4_SAFETY_RICH_NAVEEN12_L16,,,,,
CASE_009,S1_LOW_SOC_STRESS,2026-06-22 16:16:46,S1_LOW_SOC_STRESS_L331,,,,,
CASE_010,S1_LOW_SOC_STRESS,2026-06-22 15:14:24,S1_LOW_SOC_STRESS_L31,,,,,
CASE_011,S3_MEDIUM_SOC_WHOLETESTING,2026-03-01 00:35:04,S3_MEDIUM_SOC_WHOLETESTING_L50,,,,,
CASE_012,S2_HIGH_SOC_CONTROL,2026-06-18 11:26:52,S2_HIGH_SOC_CONTROL_L81,,,,,
CASE_013,S4_SAFETY_RICH_NAVEEN12,2026-03-01 01:14:13,S4_SAFETY_RICH_NAVEEN12_L33,,,,,
CASE_014,S3_MEDIUM_SOC_WHOLETESTING,2026-03-01 00:20:10,S3_MEDIUM_SOC_WHOLETESTING_L24,,,,,
CASE_015,S4_SAFETY_RICH_NAVEEN12,2026-03-01 01:02:13,S4_SAFETY_RICH_NAVEEN12_L21,,,,,
CASE_016,S1_LOW_SOC_STRESS,2026-06-22 15:50:28,S1_LOW_SOC_STRESS_L242,,,,,
CASE_017,S1_LOW_SOC_STRESS,2026-06-22 17:08:22,S1_LOW_SOC_STRESS_L567,,,,,
CASE_018,S1_LOW_SOC_STRESS,2026-06-22 16:29:02,S1_LOW_SOC_STRESS_L428,,,,,
CASE_019,S4_SAFETY_RICH_NAVEEN12,2026-03-01 00:56:58,S4_SAFETY_RICH_NAVEEN12_L17,,,,,
CASE_020,S2_HIGH_SOC_CONTROL,2026-06-18 11:19:04,S2_HIGH_SOC_CONTROL_L15,,,,,
CASE_021,S4_SAFETY_RICH_NAVEEN12,2026-03-01 01:18:10,S4_SAFETY_RICH_NAVEEN12_L37,,,,,
CASE_022,S1_LOW_SOC_STRESS,2026-06-22 16:27:02,S1_LOW_SOC_STRESS_L427,,,,,
CASE_023,S1_LOW_SOC_STRESS,2026-06-22 16:04:12,S1_LOW_SOC_STRESS_L283,,,,,
CASE_024,S1_LOW_SOC_STRESS,2026-06-22 16:51:12,S1_LOW_SOC_STRESS_L520,,,,,
CASE_025,S4_SAFETY_RICH_NAVEEN12,2026-03-01 00:44:43,S4_SAFETY_RICH_NAVEEN12_L11,,,,,
CASE_026,S3_MEDIUM_SOC_WHOLETESTING,2026-03-01 00:38:59,S3_MEDIUM_SOC_WHOLETESTING_L60,,,,,
CASE_027,S1_LOW_SOC_STRESS,2026-06-22 16:13:51,S1_LOW_SOC_STRESS_L322,,,,,
CASE_028,S3_MEDIUM_SOC_WHOLETESTING,2026-03-01 00:32:51,S3_MEDIUM_SOC_WHOLETESTING_L46,,,,,
CASE_029,S1_LOW_SOC_STRESS,2026-06-22 16:24:46,S1_LOW_SOC_STRESS_L414,,,,,
CASE_030,S4_SAFETY_RICH_NAVEEN12,2026-03-01 01:43:56,S4_SAFETY_RICH_NAVEEN12_L60,,,,,
CASE_031,S5_REAL_TMS_JULY10,2026-07-10 10:40:22,S5_REAL_TMS_JULY10_L174,,,,,
CASE_032,S3_MEDIUM_SOC_WHOLETESTING,2026-03-01 00:32:15,S3_MEDIUM_SOC_WHOLETESTING_L46,,,,,
CASE_033,S3_MEDIUM_SOC_WHOLETESTING,2026-03-01 00:29:40,S3_MEDIUM_SOC_WHOLETESTING_L44,,,,,
CASE_034,S4_SAFETY_RICH_NAVEEN12,2026-03-01 00:42:07,S4_SAFETY_RICH_NAVEEN12_L9,,,,,
CASE_035,S1_LOW_SOC_STRESS,2026-06-22 15:52:43,S1_LOW_SOC_STRESS_L250,,,,,
CASE_036,S4_SAFETY_RICH_NAVEEN12,2026-03-01 01:10:08,S4_SAFETY_RICH_NAVEEN12_L27,,,,,
CASE_037,S1_LOW_SOC_STRESS,2026-06-22 16:08:29,S1_LOW_SOC_STRESS_L298,,,,,
CASE_038,S4_SAFETY_RICH_NAVEEN12,2026-03-01 00:36:47,S4_SAFETY_RICH_NAVEEN12_L3,,,,,
CASE_039,S1_LOW_SOC_STRESS,2026-06-22 16:57:21,S1_LOW_SOC_STRESS_L533,,,,,
CASE_040,S1_LOW_SOC_STRESS,2026-06-22 17:18:13,S1_LOW_SOC_STRESS_L620,,,,,
CASE_041,S3_MEDIUM_SOC_WHOLETESTING,2026-03-01 00:41:58,S3_MEDIUM_SOC_WHOLETESTING_L64,,,,,
CASE_042,S1_LOW_SOC_STRESS,2026-06-22 16:06:15,S1_LOW_SOC_STRESS_L294,,,,,
CASE_043,S4_SAFETY_RICH_NAVEEN12,2026-03-01 01:23:34,S4_SAFETY_RICH_NAVEEN12_L47,,,,,
CASE_044,S3_MEDIUM_SOC_WHOLETESTING,2026-03-01 00:22:47,S3_MEDIUM_SOC_WHOLETESTING_L28,,,,,
CASE_045,S1_LOW_SOC_STRESS,2026-06-22 17:03:10,S1_LOW_SOC_STRESS_L549,,,,,
CASE_046,S3_MEDIUM_SOC_WHOLETESTING,2026-03-01 00:20:38,S3_MEDIUM_SOC_WHOLETESTING_L24,,,,,
CASE_047,S3_MEDIUM_SOC_WHOLETESTING,2026-03-01 00:19:30,S3_MEDIUM_SOC_WHOLETESTING_L22,,,,,
CASE_048,S4_SAFETY_RICH_NAVEEN12,2026-03-01 01:21:27,S4_SAFETY_RICH_NAVEEN12_L40,,,,,
CASE_049,S1_LOW_SOC_STRESS,2026-06-22 16:41:24,S1_LOW_SOC_STRESS_L473,,,,,
CASE_050,S1_LOW_SOC_STRESS,2026-06-22 17:18:56,S1_LOW_SOC_STRESS_L620,,,,,
CASE_051,S1_LOW_SOC_STRESS,2026-06-22 15:44:27,S1_LOW_SOC_STRESS_L211,,,,,
CASE_052,S1_LOW_SOC_STRESS,2026-06-22 16:57:53,S1_LOW_SOC_STRESS_L535,,,,,
CASE_053,S4_SAFETY_RICH_NAVEEN12,2026-03-01 00:43:03,S4_SAFETY_RICH_NAVEEN12_L9,,,,,
CASE_054,S1_LOW_SOC_STRESS,2026-06-22 16:10:50,S1_LOW_SOC_STRESS_L318,,,,,
CASE_055,S2_HIGH_SOC_CONTROL,2026-06-18 11:29:22,S2_HIGH_SOC_CONTROL_L89,,,,,
CASE_056,S1_LOW_SOC_STRESS,2026-06-22 15:57:26,S1_LOW_SOC_STRESS_L275,,,,,
CASE_057,S2_HIGH_SOC_CONTROL,2026-06-18 11:33:18,S2_HIGH_SOC_CONTROL_L115,,,,,
CASE_058,S4_SAFETY_RICH_NAVEEN12,2026-03-01 00:37:18,S4_SAFETY_RICH_NAVEEN12_L3,,,,,
CASE_059,S4_SAFETY_RICH_NAVEEN12,2026-03-01 00:36:21,S4_SAFETY_RICH_NAVEEN12_L3,,,,,
CASE_060,S4_SAFETY_RICH_NAVEEN12,2026-03-01 01:24:05,S4_SAFETY_RICH_NAVEEN12_L47,,,,,
CASE_061,S5_REAL_TMS_JULY10,2026-07-10 10:47:33,S5_REAL_TMS_JULY10_L198,,,,,
CASE_062,S4_SAFETY_RICH_NAVEEN12,2026-03-01 01:22:27,S4_SAFETY_RICH_NAVEEN12_L43,,,,,
CASE_063,S4_SAFETY_RICH_NAVEEN12,2026-03-01 00:59:03,S4_SAFETY_RICH_NAVEEN12_L18,,,,,
CASE_064,S4_SAFETY_RICH_NAVEEN12,2026-03-01 01:18:51,S4_SAFETY_RICH_NAVEEN12_L37,,,,,
CASE_065,S4_SAFETY_RICH_NAVEEN12,2026-03-01 01:45:25,S4_SAFETY_RICH_NAVEEN12_L61,,,,,
CASE_066,S4_SAFETY_RICH_NAVEEN12,2026-03-01 01:13:26,S4_SAFETY_RICH_NAVEEN12_L32,,,,,
CASE_067,S1_LOW_SOC_STRESS,2026-06-22 15:35:02,S1_LOW_SOC_STRESS_L156,,,,,
CASE_068,S4_SAFETY_RICH_NAVEEN12,2026-03-01 01:35:48,S4_SAFETY_RICH_NAVEEN12_L56,,,,,
CASE_069,S5_REAL_TMS_JULY10,2026-07-10 10:32:57,S5_REAL_TMS_JULY10_L159,,,,,
CASE_070,S2_HIGH_SOC_CONTROL,2026-06-18 11:32:38,S2_HIGH_SOC_CONTROL_L114,,,,,
CASE_071,S4_SAFETY_RICH_NAVEEN12,2026-03-01 00:51:47,S4_SAFETY_RICH_NAVEEN12_L14,,,,,
CASE_072,S4_SAFETY_RICH_NAVEEN12,2026-03-01 01:27:37,S4_SAFETY_RICH_NAVEEN12_L49,,,,,
CASE_073,S4_SAFETY_RICH_NAVEEN12,2026-03-01 01:16:50,S4_SAFETY_RICH_NAVEEN12_L35,,,,,
CASE_074,S3_MEDIUM_SOC_WHOLETESTING,2026-03-01 00:42:45,S3_MEDIUM_SOC_WHOLETESTING_L64,,,,,
CASE_075,S4_SAFETY_RICH_NAVEEN12,2026-03-01 01:24:18,S4_SAFETY_RICH_NAVEEN12_L48,,,,,
CASE_076,S3_MEDIUM_SOC_WHOLETESTING,2026-03-01 00:36:45,S3_MEDIUM_SOC_WHOLETESTING_L54,,,,,
CASE_077,S5_REAL_TMS_JULY10,2026-07-10 10:23:00,S5_REAL_TMS_JULY10_L114,,,,,
CASE_078,S4_SAFETY_RICH_NAVEEN12,2026-03-01 01:30:00,S4_SAFETY_RICH_NAVEEN12_L51,,,,,
CASE_079,S4_SAFETY_RICH_NAVEEN12,2026-03-01 01:39:33,S4_SAFETY_RICH_NAVEEN12_L59,,,,,
CASE_080,S4_SAFETY_RICH_NAVEEN12,2026-03-01 01:09:28,S4_SAFETY_RICH_NAVEEN12_L27,,,,,
CASE_081,S4_SAFETY_RICH_NAVEEN12,2026-03-01 00:40:07,S4_SAFETY_RICH_NAVEEN12_L7,,,,,
CASE_082,S3_MEDIUM_SOC_WHOLETESTING,2026-03-01 00:30:05,S3_MEDIUM_SOC_WHOLETESTING_L44,,,,,
CASE_083,S1_LOW_SOC_STRESS,2026-06-22 15:30:32,S1_LOW_SOC_STRESS_L135,,,,,
CASE_084,S4_SAFETY_RICH_NAVEEN12,2026-03-01 01:20:25,S4_SAFETY_RICH_NAVEEN12_L38,,,,,
CASE_085,S1_LOW_SOC_STRESS,2026-06-22 17:07:31,S1_LOW_SOC_STRESS_L565,,,,,
CASE_086,S1_LOW_SOC_STRESS,2026-06-22 15:37:14,S1_LOW_SOC_STRESS_L166,,,,,
CASE_087,S1_LOW_SOC_STRESS,2026-06-22 17:12:35,S1_LOW_SOC_STRESS_L581,,,,,
CASE_088,S4_SAFETY_RICH_NAVEEN12,2026-03-01 00:53:38,S4_SAFETY_RICH_NAVEEN12_L16,,,,,
CASE_089,S2_HIGH_SOC_CONTROL,2026-06-18 11:20:15,S2_HIGH_SOC_CONTROL_L18,,,,,
CASE_090,S4_SAFETY_RICH_NAVEEN12,2026-03-01 00:40:56,S4_SAFETY_RICH_NAVEEN12_L8,,,,,
CASE_091,S3_MEDIUM_SOC_WHOLETESTING,2026-03-01 00:39:14,S3_MEDIUM_SOC_WHOLETESTING_L60,,,,,
CASE_092,S1_LOW_SOC_STRESS,2026-06-22 17:04:00,S1_LOW_SOC_STRESS_L551,,,,,
CASE_093,S4_SAFETY_RICH_NAVEEN12,2026-03-01 01:31:23,S4_SAFETY_RICH_NAVEEN12_L51,,,,,
CASE_094,S1_LOW_SOC_STRESS,2026-06-22 17:14:26,S1_LOW_SOC_STRESS_L581,,,,,
CASE_095,S1_LOW_SOC_STRESS,2026-06-22 16:47:40,S1_LOW_SOC_STRESS_L518,,,,,
CASE_096,S5_REAL_TMS_JULY10,2026-07-10 10:26:25,S5_REAL_TMS_JULY10_L127,,,,,
CASE_097,S4_SAFETY_RICH_NAVEEN12,2026-03-01 01:19:51,S4_SAFETY_RICH_NAVEEN12_L38,,,,,
