n,positive_rate,threshold,accuracy,macro_f1,precision,recall,f1_positive,roc_auc,pr_auc,brier,tn,fp,fn,tp,horizon_s,variant,feature_set,test_session,model,calibration_source,calibration_method,fit_rows,calibration_rows,test_rows,fit_s,infer_ms_row,n_used_features,removed_all_missing_features
4051,0.35472722784497657,0.4000000000000001,0.9158232535176499,0.9045167520139292,0.9491803278688524,0.8058455114822547,0.8716597666541211,0.9795957104803161,0.9532003989606825,0.0703395200059983,2552,62,279,1158,0,all_sessions,full_graph,S1_LOW_SOC_STRESS,LogisticRegression,session:S3_MEDIUM_SOC_WHOLETESTING,platt_sigmoid,5067,1489,4051,0.031894291008939035,0.0009493334991321744,43,command_mismatch_share_10s|command_mismatch_share_30s
4051,0.35472722784497657,0.42000000000000004,0.8521352752406813,0.819801061121221,0.9665924276169265,0.6040361864996521,0.7434689507494646,0.9864606777168492,0.9606380706709117,0.1223880024204848,2584,30,569,868,0,all_sessions,full_graph,S1_LOW_SOC_STRESS,ExtraTrees,session:S3_MEDIUM_SOC_WHOLETESTING,platt_sigmoid,5067,1489,4051,0.2607504159968812,0.007552826462770573,43,command_mismatch_share_10s|command_mismatch_share_30s
4051,0.35472722784497657,0.4600000000000001,0.9414959269316219,0.934733179766264,0.9580152671755725,0.8733472512178149,0.9137240626137605,0.9865344201422775,0.9594838662799491,0.0585507304602536,2559,55,182,1255,0,all_sessions,full_graph,S1_LOW_SOC_STRESS,RandomForest,session:S3_MEDIUM_SOC_WHOLETESTING,platt_sigmoid,5067,1489,4051,0.4539903340046294,0.007208765243026983,43,command_mismatch_share_10s|command_mismatch_share_30s
4051,0.35472722784497657,0.54,0.9590224635892373,0.9551879814286941,0.9447165850244926,0.9394572025052192,0.942079553384508,0.9877483748713501,0.9701134514679688,0.03656934265352309,2535,79,87,1350,0,all_sessions,full_graph,S1_LOW_SOC_STRESS,HistGradientBoosting,session:S3_MEDIUM_SOC_WHOLETESTING,platt_sigmoid,5067,1489,4051,0.7650802499993006,0.002775569982769005,43,command_mismatch_share_10s|command_mismatch_share_30s
529,0.0,0.42000000000000004,0.9659735349716446,0.4913461538461538,0.0,0.0,0.0,,,0.024943676356430078,511,18,0,0,0,all_sessions,full_graph,S2_HIGH_SOC_CONTROL,LogisticRegression,session:S4_SAFETY_RICH_NAVEEN12,platt_sigmoid,6414,3664,529,0.021129333006683737,0.003643431016358429,43,command_mismatch_share_10s|command_mismatch_share_30s
529,0.0,0.4600000000000001,1.0,0.5,0.0,0.0,0.0,,,6.278475447738697e-06,529,0,0,0,0,all_sessions,full_graph,S2_HIGH_SOC_CONTROL,ExtraTrees,session:S4_SAFETY_RICH_NAVEEN12,platt_sigmoid,6414,3664,529,0.23398887499934062,0.05595045747294395,43,command_mismatch_share_10s|command_mismatch_share_30s
529,0.0,0.3400000000000001,1.0,0.5,0.0,0.0,0.0,,,3.5154821098307105e-06,529,0,0,0,0,all_sessions,full_graph,S2_HIGH_SOC_CONTROL,RandomForest,session:S4_SAFETY_RICH_NAVEEN12,platt_sigmoid,6414,3664,529,0.525840458998573,0.05599629677614701,43,command_mismatch_share_10s|command_mismatch_share_30s
529,0.0,0.28,1.0,0.5,0.0,0.0,0.0,,,0.00011703024841507108,529,0,0,0,0,all_sessions,full_graph,S2_HIGH_SOC_CONTROL,HistGradientBoosting,session:S4_SAFETY_RICH_NAVEEN12,platt_sigmoid,6414,3664,529,0.4831590420071734,0.02152772399373282,43,command_mismatch_share_10s|command_mismatch_share_30s
1489,0.14036265950302215,0.32000000000000006,0.8415043653458697,0.7145544696004782,0.4529616724738676,0.6220095693779905,0.5241935483870968,0.9134756279904306,0.7246468414085692,0.08254633522881584,1123,157,79,130,0,all_sessions,full_graph,S3_MEDIUM_SOC_WHOLETESTING,LogisticRegression,session:S4_SAFETY_RICH_NAVEEN12,platt_sigmoid,5454,3664,1489,0.019079125006101094,0.0014241383416619454,40,current_ma|wheel_mean|wheel_abs_diff|command_mismatch_share_10s|command_mismatch_share_30s
1489,0.14036265950302215,0.3400000000000001,0.857622565480188,0.7410689677800381,0.49466192170818507,0.6650717703349283,0.5673469387755102,0.9111916866028709,0.6930879283954949,0.08143720859113993,1138,142,70,139,0,all_sessions,full_graph,S3_MEDIUM_SOC_WHOLETESTING,ExtraTrees,session:S4_SAFETY_RICH_NAVEEN12,platt_sigmoid,5454,3664,1489,0.20788270799675956,0.020301936201649905,40,current_ma|wheel_mean|wheel_abs_diff|command_mismatch_share_10s|command_mismatch_share_30s
1489,0.14036265950302215,0.3400000000000001,0.8502350570852921,0.7466869898696767,0.47865853658536583,0.7511961722488039,0.5847299813780261,0.925,0.7289464285015873,0.07517741600746791,1109,171,52,157,0,all_sessions,full_graph,S3_MEDIUM_SOC_WHOLETESTING,RandomForest,session:S4_SAFETY_RICH_NAVEEN12,platt_sigmoid,5454,3664,1489,0.4478480420075357,0.020130344522604687,40,current_ma|wheel_mean|wheel_abs_diff|command_mismatch_share_10s|command_mismatch_share_30s
1489,0.14036265950302215,0.32000000000000006,0.8965748824714573,0.7813134203097581,0.6381909547738693,0.6076555023923444,0.6225490196078431,0.9119505083732058,0.7424833361976514,0.07215014311294435,1208,72,82,127,0,all_sessions,full_graph,S3_MEDIUM_SOC_WHOLETESTING,HistGradientBoosting,session:S4_SAFETY_RICH_NAVEEN12,platt_sigmoid,5454,3664,1489,0.5269801249960437,0.004972576898165533,40,current_ma|wheel_mean|wheel_abs_diff|command_mismatch_share_10s|command_mismatch_share_30s
3664,0.16293668122270744,0.7000000000000002,0.8728165938864629,0.6708894918191919,0.8324873096446701,0.2747068676716918,0.41309823677581864,0.9477574810253857,0.7843987453347605,0.06942596610925801,3034,33,433,164,0,all_sessions,full_graph,S4_SAFETY_RICH_NAVEEN12,LogisticRegression,session:S3_MEDIUM_SOC_WHOLETESTING,platt_sigmoid,5454,1489,3664,0.02350529099931009,0.0007720502182016735,40,current_ma|wheel_mean|wheel_abs_diff|command_mismatch_share_10s|command_mismatch_share_30s
3664,0.16293668122270744,0.5000000000000001,0.9118449781659389,0.8203231951315011,0.8030973451327433,0.6080402010050251,0.6920877025738799,0.9500392954884191,0.813824115658297,0.06679196203093409,2978,89,234,363,0,all_sessions,full_graph,S4_SAFETY_RICH_NAVEEN12,ExtraTrees,session:S3_MEDIUM_SOC_WHOLETESTING,platt_sigmoid,5454,1489,3664,0.20780466600263026,0.007709117905772088,40,current_ma|wheel_mean|wheel_abs_diff|command_mismatch_share_10s|command_mismatch_share_30s
3664,0.16293668122270744,0.4800000000000001,0.9033842794759825,0.7900535316100661,0.824,0.5175879396984925,0.6358024691358025,0.9438568781304633,0.7994398885631917,0.06811686268676062,3001,66,288,309,0,all_sessions,full_graph,S4_SAFETY_RICH_NAVEEN12,RandomForest,session:S3_MEDIUM_SOC_WHOLETESTING,platt_sigmoid,5454,1489,3664,0.4586819160031155,0.008430710974357582,40,current_ma|wheel_mean|wheel_abs_diff|command_mismatch_share_10s|command_mismatch_share_30s
3664,0.16293668122270744,0.4600000000000001,0.9042030567685589,0.792735031371038,0.8236842105263158,0.52428810720268,0.6407369498464688,0.9441162993535221,0.7982155266996741,0.06987287853728834,3000,67,284,313,0,all_sessions,full_graph,S4_SAFETY_RICH_NAVEEN12,HistGradientBoosting,session:S3_MEDIUM_SOC_WHOLETESTING,platt_sigmoid,5454,1489,3664,0.44075845899351407,0.0030849822584321563,40,current_ma|wheel_mean|wheel_abs_diff|command_mismatch_share_10s|command_mismatch_share_30s
874,0.0,0.3400000000000001,0.9153318077803204,0.4778972520908005,0.0,0.0,0.0,,,0.04105281606759808,800,74,0,0,0,all_sessions,full_graph,S5_REAL_TMS_JULY10,LogisticRegression,session:S4_SAFETY_RICH_NAVEEN12,platt_sigmoid,6069,3664,874,0.023310333999688737,0.0027484736916528123,43,command_mismatch_share_10s|command_mismatch_share_30s
874,0.0,0.4600000000000001,1.0,0.5,0.0,0.0,0.0,,,0.0005485360942302636,874,0,0,0,0,all_sessions,full_graph,S5_REAL_TMS_JULY10,ExtraTrees,session:S4_SAFETY_RICH_NAVEEN12,platt_sigmoid,6069,3664,874,0.23383216699585319,0.03533476430646227,43,command_mismatch_share_10s|command_mismatch_share_30s
874,0.0,0.42000000000000004,1.0,0.5,0.0,0.0,0.0,,,0.000279260669475611,874,0,0,0,0,all_sessions,full_graph,S5_REAL_TMS_JULY10,RandomForest,session:S4_SAFETY_RICH_NAVEEN12,platt_sigmoid,6069,3664,874,0.5056190410105046,0.03540593937217328,43,command_mismatch_share_10s|command_mismatch_share_30s
874,0.0,0.30000000000000004,1.0,0.5,0.0,0.0,0.0,,,0.00036083064554167456,874,0,0,0,0,all_sessions,full_graph,S5_REAL_TMS_JULY10,HistGradientBoosting,session:S4_SAFETY_RICH_NAVEEN12,platt_sigmoid,6069,3664,874,0.4600533339980757,0.006870613266256781,43,command_mismatch_share_10s|command_mismatch_share_30s
4051,0.35472722784497657,0.5,0.6452727721550234,0.3921980495123781,0.0,0.0,0.0,0.5,0.35472722784497657,0.35472722784497657,2614,0,1437,0,0,all_sessions,engineering_baseline,S1_LOW_SOC_STRESS,AlwaysNegative,fixed_rule_no_training,not_applicable,0,0,4051,0.0,0.0,0,
529,0.0,0.5,1.0,0.5,0.0,0.0,0.0,,,0.0,529,0,0,0,0,all_sessions,engineering_baseline,S2_HIGH_SOC_CONTROL,AlwaysNegative,fixed_rule_no_training,not_applicable,0,0,529,0.0,0.0,0,
1489,0.14036265950302215,0.5,0.8596373404969778,0.4622607439508848,0.0,0.0,0.0,0.5,0.14036265950302215,0.14036265950302215,1280,0,209,0,0,all_sessions,engineering_baseline,S3_MEDIUM_SOC_WHOLETESTING,AlwaysNegative,fixed_rule_no_training,not_applicable,0,0,1489,0.0,0.0,0,
3664,0.16293668122270744,0.5,0.8370633187772926,0.45565294904174714,0.0,0.0,0.0,0.5,0.16293668122270744,0.16293668122270744,3067,0,597,0,0,all_sessions,engineering_baseline,S4_SAFETY_RICH_NAVEEN12,AlwaysNegative,fixed_rule_no_training,not_applicable,0,0,3664,0.0,0.0,0,
874,0.0,0.5,1.0,0.5,0.0,0.0,0.0,,,0.0,874,0,0,0,0,all_sessions,engineering_baseline,S5_REAL_TMS_JULY10,AlwaysNegative,fixed_rule_no_training,not_applicable,0,0,874,0.0,0.0,0,
2148,0.04888268156424581,0.32000000000000006,0.9539106145251397,0.6916044394620785,0.5483870967741935,0.3238095238095238,0.40718562874251496,0.9813626086753839,0.6270081595086368,0.03370727772147402,2015,28,71,34,5,all_sessions,full_graph,S1_LOW_SOC_STRESS,LogisticRegression,session:S3_MEDIUM_SOC_WHOLETESTING,platt_sigmoid,3897,1159,2148,0.02333116599766072,0.0010403472984606814,43,command_mismatch_share_10s|command_mismatch_share_30s
2148,0.04888268156424581,0.36000000000000004,0.9511173184357542,0.4874731567644954,0.0,0.0,0.0,0.9840663823042677,0.6229386254927332,0.04527699233575574,2043,0,105,0,5,all_sessions,full_graph,S1_LOW_SOC_STRESS,ExtraTrees,session:S3_MEDIUM_SOC_WHOLETESTING,platt_sigmoid,3897,1159,2148,0.17030800000065938,0.014506284913793466,43,command_mismatch_share_10s|command_mismatch_share_30s
2148,0.04888268156424581,0.22000000000000003,0.9632216014897579,0.8048797314871349,0.6203703703703703,0.638095238095238,0.6291079812206573,0.9853530056173228,0.6560453952853109,0.030076278907605433,2002,41,38,67,5,all_sessions,full_graph,S1_LOW_SOC_STRESS,RandomForest,session:S3_MEDIUM_SOC_WHOLETESTING,platt_sigmoid,3897,1159,2148,0.32028524999623187,0.013674115451565272,43,command_mismatch_share_10s|command_mismatch_share_30s
2148,0.04888268156424581,0.16000000000000003,0.9664804469273743,0.8290013135373959,0.6410256410256411,0.7142857142857143,0.6756756756756757,0.9867561708971401,0.7433496072007771,0.025479770016578744,2001,42,30,75,5,all_sessions,full_graph,S1_LOW_SOC_STRESS,HistGradientBoosting,session:S3_MEDIUM_SOC_WHOLETESTING,platt_sigmoid,3897,1159,2148,0.3611099170084344,0.0034141256992624523,43,command_mismatch_share_10s|command_mismatch_share_30s
387,0.0,0.1,1.0,0.5,0.0,0.0,0.0,,,0.0001318341287855432,387,0,0,0,5,all_sessions,full_graph,S2_HIGH_SOC_CONTROL,LogisticRegression,session:S4_SAFETY_RICH_NAVEEN12,platt_sigmoid,4031,2786,387,0.02217916700465139,0.004760121435735577,43,command_mismatch_share_10s|command_mismatch_share_30s
387,0.0,0.26,1.0,0.5,0.0,0.0,0.0,,,7.811124783699901e-09,387,0,0,0,5,all_sessions,full_graph,S2_HIGH_SOC_CONTROL,ExtraTrees,session:S4_SAFETY_RICH_NAVEEN12,platt_sigmoid,4031,2786,387,0.18358229099249002,0.07954005168381481,43,command_mismatch_share_10s|command_mismatch_share_30s
387,0.0,0.32000000000000006,1.0,0.5,0.0,0.0,0.0,,,1.0561945359620513e-09,387,0,0,0,5,all_sessions,full_graph,S2_HIGH_SOC_CONTROL,RandomForest,session:S4_SAFETY_RICH_NAVEEN12,platt_sigmoid,4031,2786,387,0.32966975000454113,0.15455749355441858,43,command_mismatch_share_10s|command_mismatch_share_30s
387,0.0,0.2,1.0,0.5,0.0,0.0,0.0,,,6.674182231093741e-06,387,0,0,0,5,all_sessions,full_graph,S2_HIGH_SOC_CONTROL,HistGradientBoosting,session:S4_SAFETY_RICH_NAVEEN12,platt_sigmoid,4031,2786,387,0.379017749990453,0.018461348846294853,43,command_mismatch_share_10s|command_mismatch_share_30s
1159,0.023295944779982744,0.26,0.9465056082830026,0.6080871765783847,0.18181818181818182,0.37037037037037035,0.24390243902439024,0.9066548881036514,0.13920022643152852,0.023494705166990155,1087,45,17,10,5,all_sessions,full_graph,S3_MEDIUM_SOC_WHOLETESTING,LogisticRegression,session:S4_SAFETY_RICH_NAVEEN12,platt_sigmoid,3259,2786,1159,0.016686750008375384,0.0017231449528418102,40,current_ma|wheel_mean|wheel_abs_diff|command_mismatch_share_10s|command_mismatch_share_30s
1159,0.023295944779982744,0.42000000000000004,0.9741156169111302,0.6933862433862434,0.43478260869565216,0.37037037037037035,0.4,0.919709462112289,0.2269561312853064,0.022208296973811166,1119,13,17,10,5,all_sessions,full_graph,S3_MEDIUM_SOC_WHOLETESTING,ExtraTrees,session:S4_SAFETY_RICH_NAVEEN12,platt_sigmoid,3259,2786,1159,0.18170562500017695,0.027058635900304127,40,current_ma|wheel_mean|wheel_abs_diff|command_mismatch_share_10s|command_mismatch_share_30s
1159,0.023295944779982744,0.4800000000000001,0.9741156169111302,0.6673109308022045,0.42105263157894735,0.2962962962962963,0.34782608695652173,0.9412380578458316,0.2966702188463721,0.0220791833370181,1121,11,19,8,5,all_sessions,full_graph,S3_MEDIUM_SOC_WHOLETESTING,RandomForest,session:S4_SAFETY_RICH_NAVEEN12,platt_sigmoid,3259,2786,1159,0.31450999999651685,0.027214336496572122,40,current_ma|wheel_mean|wheel_abs_diff|command_mismatch_share_10s|command_mismatch_share_30s
1159,0.023295944779982744,0.26,0.9594477998274374,0.6280310013998429,0.23684210526315788,0.3333333333333333,0.27692307692307694,0.862943332024604,0.22802252963523298,0.024653433742801475,1103,29,18,9,5,all_sessions,full_graph,S3_MEDIUM_SOC_WHOLETESTING,HistGradientBoosting,session:S4_SAFETY_RICH_NAVEEN12,platt_sigmoid,3259,2786,1159,0.31088912500126753,0.0057167454731768775,40,current_ma|wheel_mean|wheel_abs_diff|command_mismatch_share_10s|command_mismatch_share_30s
2786,0.04558506819813352,0.16000000000000003,0.9432878679109835,0.6858743805804846,0.38686131386861317,0.41732283464566927,0.4015151515151515,0.9208659936688057,0.28666158338818415,0.037973198291213074,2575,84,74,53,5,all_sessions,full_graph,S4_SAFETY_RICH_NAVEEN12,LogisticRegression,session:S3_MEDIUM_SOC_WHOLETESTING,platt_sigmoid,3259,1159,2786,0.01655991699954029,0.000846973082237213,40,current_ma|wheel_mean|wheel_abs_diff|command_mismatch_share_10s|command_mismatch_share_30s
2786,0.04558506819813352,0.22000000000000003,0.9720028715003589,0.8301856714178545,0.7168141592920354,0.6377952755905512,0.675,0.9747699833872778,0.7074129455141848,0.030211293688629622,2627,32,46,81,5,all_sessions,full_graph,S4_SAFETY_RICH_NAVEEN12,ExtraTrees,session:S3_MEDIUM_SOC_WHOLETESTING,platt_sigmoid,3259,1159,2786,0.17061441698751878,0.011243509330807824,40,current_ma|wheel_mean|wheel_abs_diff|command_mismatch_share_10s|command_mismatch_share_30s
2786,0.04558506819813352,0.36000000000000004,0.9698492462311558,0.7588773491592482,0.9056603773584906,0.3779527559055118,0.5333333333333333,0.9841009437566073,0.7982479534192065,0.024162144944478554,2654,5,79,48,5,all_sessions,full_graph,S4_SAFETY_RICH_NAVEEN12,RandomForest,session:S3_MEDIUM_SOC_WHOLETESTING,platt_sigmoid,3259,1159,2786,0.3030729590100236,0.011372517585483287,40,current_ma|wheel_mean|wheel_abs_diff|command_mismatch_share_10s|command_mismatch_share_30s
2786,0.04558506819813352,0.2,0.9691313711414213,0.7910400379552979,0.735632183908046,0.5039370078740157,0.5981308411214953,0.9386721075059301,0.6735778666422164,0.030124562984782253,2636,23,63,64,5,all_sessions,full_graph,S4_SAFETY_RICH_NAVEEN12,HistGradientBoosting,session:S3_MEDIUM_SOC_WHOLETESTING,platt_sigmoid,3259,1159,2786,0.305302250009845,0.003100427851493404,40,current_ma|wheel_mean|wheel_abs_diff|command_mismatch_share_10s|command_mismatch_share_30s
724,0.0,0.1,1.0,0.5,0.0,0.0,0.0,,,0.00012181239179585918,724,0,0,0,5,all_sessions,full_graph,S5_REAL_TMS_JULY10,LogisticRegression,session:S4_SAFETY_RICH_NAVEEN12,platt_sigmoid,3694,2786,724,0.021670250003808178,0.0027028660213404966,43,command_mismatch_share_10s|command_mismatch_share_30s
724,0.0,0.28,1.0,0.5,0.0,0.0,0.0,,,7.560487822027784e-10,724,0,0,0,5,all_sessions,full_graph,S5_REAL_TMS_JULY10,ExtraTrees,session:S4_SAFETY_RICH_NAVEEN12,platt_sigmoid,3694,2786,724,0.18297112500295043,0.04358977899926545,43,command_mismatch_share_10s|command_mismatch_share_30s
724,0.0,0.28,1.0,0.5,0.0,0.0,0.0,,,1.2530780092040397e-09,724,0,0,0,5,all_sessions,full_graph,S5_REAL_TMS_JULY10,RandomForest,session:S4_SAFETY_RICH_NAVEEN12,platt_sigmoid,3694,2786,724,0.3230337499990128,0.043784472369395956,43,command_mismatch_share_10s|command_mismatch_share_30s
724,0.0,0.26,1.0,0.5,0.0,0.0,0.0,,,4.375229154387911e-06,724,0,0,0,5,all_sessions,full_graph,S5_REAL_TMS_JULY10,HistGradientBoosting,session:S4_SAFETY_RICH_NAVEEN12,platt_sigmoid,3694,2786,724,0.37594604201149195,0.007621546968777834,43,command_mismatch_share_10s|command_mismatch_share_30s
2148,0.04888268156424581,0.30000000000000004,0.962756052141527,0.779731843002538,0.6470588235294118,0.5238095238095238,0.5789473684210527,0.9816329860382724,0.6136400351479063,0.031119450973631575,2013,30,50,55,5,all_sessions,full_graph_no_soc,S1_LOW_SOC_STRESS,LogisticRegression,session:S3_MEDIUM_SOC_WHOLETESTING,platt_sigmoid,3897,1159,2148,0.02430304099107161,0.0010451392007877207,40,command_mismatch_share_10s|command_mismatch_share_30s
2148,0.04888268156424581,0.30000000000000004,0.9511173184357542,0.4874731567644954,0.0,0.0,0.0,0.9856000745868587,0.6817344703492424,0.044877429646746556,2043,0,105,0,5,all_sessions,full_graph_no_soc,S1_LOW_SOC_STRESS,ExtraTrees,session:S3_MEDIUM_SOC_WHOLETESTING,platt_sigmoid,3897,1159,2148,0.20700875000329688,0.014937790965937161,40,command_mismatch_share_10s|command_mismatch_share_30s
2148,0.04888268156424581,0.24000000000000005,0.9664804469273743,0.8129888220868985,0.6701030927835051,0.6190476190476191,0.6435643564356436,0.9861478218306412,0.6941597903064576,0.032065832055647954,2011,32,40,65,5,all_sessions,full_graph_no_soc,S1_LOW_SOC_STRESS,RandomForest,session:S3_MEDIUM_SOC_WHOLETESTING,platt_sigmoid,3897,1159,2148,0.32835358299780637,0.015050201584434127,40,command_mismatch_share_10s|command_mismatch_share_30s
2148,0.04888268156424581,0.2,0.9664804469273743,0.8304448498456357,0.6386554621848739,0.7238095238095238,0.6785714285714286,0.9862573712793978,0.7456461287666134,0.026071046655591897,2000,43,29,76,5,all_sessions,full_graph_no_soc,S1_LOW_SOC_STRESS,HistGradientBoosting,session:S3_MEDIUM_SOC_WHOLETESTING,platt_sigmoid,3897,1159,2148,0.3664219159982167,0.0035967569843973458,40,command_mismatch_share_10s|command_mismatch_share_30s
387,0.0,0.1,1.0,0.5,0.0,0.0,0.0,,,0.0001295284320429083,387,0,0,0,5,all_sessions,full_graph_no_soc,S2_HIGH_SOC_CONTROL,LogisticRegression,session:S4_SAFETY_RICH_NAVEEN12,platt_sigmoid,4031,2786,387,0.022917207999853417,0.004763782953299601,40,command_mismatch_share_10s|command_mismatch_share_30s
387,0.0,0.32000000000000006,1.0,0.5,0.0,0.0,0.0,,,1.6542429727507769e-07,387,0,0,0,5,all_sessions,full_graph_no_soc,S2_HIGH_SOC_CONTROL,ExtraTrees,session:S4_SAFETY_RICH_NAVEEN12,platt_sigmoid,4031,2786,387,0.1854404999903636,0.07991752971850519,40,command_mismatch_share_10s|command_mismatch_share_30s
387,0.0,0.22000000000000003,1.0,0.5,0.0,0.0,0.0,,,3.14744565073206e-08,387,0,0,0,5,all_sessions,full_graph_no_soc,S2_HIGH_SOC_CONTROL,RandomForest,session:S4_SAFETY_RICH_NAVEEN12,platt_sigmoid,4031,2786,387,0.3406960840075044,0.0782685167997238,40,command_mismatch_share_10s|command_mismatch_share_30s
387,0.0,0.32000000000000006,1.0,0.5,0.0,0.0,0.0,,,2.5383558979535314e-06,387,0,0,0,5,all_sessions,full_graph_no_soc,S2_HIGH_SOC_CONTROL,HistGradientBoosting,session:S4_SAFETY_RICH_NAVEEN12,platt_sigmoid,4031,2786,387,0.3561989579902729,0.013255059447750758,40,command_mismatch_share_10s|command_mismatch_share_30s
1159,0.023295944779982744,0.26,0.9447799827437446,0.6047235366841455,0.17543859649122806,0.37037037037037035,0.23809523809523808,0.9069820704096323,0.18066229904767678,0.02346703420044963,1085,47,17,10,5,all_sessions,full_graph_no_soc,S3_MEDIUM_SOC_WHOLETESTING,LogisticRegression,session:S4_SAFETY_RICH_NAVEEN12,platt_sigmoid,3259,2786,1159,0.016989457988529466,0.0017397187179520187,37,current_ma|wheel_mean|wheel_abs_diff|command_mismatch_share_10s|command_mismatch_share_30s
1159,0.023295944779982744,0.42000000000000004,0.9775668679896462,0.6988286559526665,0.5294117647058824,0.3333333333333333,0.4090909090909091,0.9262858264625049,0.33301687548792624,0.020433580758465117,1124,8,18,9,5,all_sessions,full_graph_no_soc,S3_MEDIUM_SOC_WHOLETESTING,ExtraTrees,session:S4_SAFETY_RICH_NAVEEN12,platt_sigmoid,3259,2786,1159,0.18314500000269618,0.02753983347273309,37,current_ma|wheel_mean|wheel_abs_diff|command_mismatch_share_10s|command_mismatch_share_30s
1159,0.023295944779982744,0.54,0.9775668679896462,0.6847644154322537,0.5333333333333333,0.2962962962962963,0.38095238095238093,0.9392095275487502,0.2957937050358961,0.02166402588139635,1125,7,19,8,5,all_sessions,full_graph_no_soc,S3_MEDIUM_SOC_WHOLETESTING,RandomForest,session:S4_SAFETY_RICH_NAVEEN12,platt_sigmoid,3259,2786,1159,0.31504429200140294,0.027353285590963755,37,current_ma|wheel_mean|wheel_abs_diff|command_mismatch_share_10s|command_mismatch_share_30s
1159,0.023295944779982744,0.14,0.9439171699741156,0.5938923479151506,0.16071428571428573,0.3333333333333333,0.21686746987951808,0.8918008114121188,0.20610373912307428,0.02517871866862545,1085,47,18,9,5,all_sessions,full_graph_no_soc,S3_MEDIUM_SOC_WHOLETESTING,HistGradientBoosting,session:S4_SAFETY_RICH_NAVEEN12,platt_sigmoid,3259,2786,1159,0.3319761249877047,0.00538528127010391,37,current_ma|wheel_mean|wheel_abs_diff|command_mismatch_share_10s|command_mismatch_share_30s
2786,0.04558506819813352,0.18000000000000002,0.9425699928212491,0.6431327716453232,0.34579439252336447,0.29133858267716534,0.3162393162393162,0.9205965181392567,0.2961855306280573,0.03784854681275659,2589,70,90,37,5,all_sessions,full_graph_no_soc,S4_SAFETY_RICH_NAVEEN12,LogisticRegression,session:S3_MEDIUM_SOC_WHOLETESTING,platt_sigmoid,3259,1159,2786,0.016734083008486778,0.0008617943280315654,37,current_ma|wheel_mean|wheel_abs_diff|command_mismatch_share_10s|command_mismatch_share_30s
2786,0.04558506819813352,0.24000000000000005,0.970208183776023,0.8319573102181798,0.6666666666666666,0.6929133858267716,0.6795366795366795,0.9769524390496693,0.7265252882496936,0.027890747194246977,2615,44,39,88,5,all_sessions,full_graph_no_soc,S4_SAFETY_RICH_NAVEEN12,ExtraTrees,session:S3_MEDIUM_SOC_WHOLETESTING,platt_sigmoid,3259,1159,2786,0.17052945798786823,0.011581763100231365,37,current_ma|wheel_mean|wheel_abs_diff|command_mismatch_share_10s|command_mismatch_share_30s
2786,0.04558506819813352,0.26,0.9788226848528356,0.8710374419321709,0.8035714285714286,0.7086614173228346,0.7531380753138075,0.982318259484206,0.803283900768227,0.02483893239483028,2637,22,37,90,5,all_sessions,full_graph_no_soc,S4_SAFETY_RICH_NAVEEN12,RandomForest,session:S3_MEDIUM_SOC_WHOLETESTING,platt_sigmoid,3259,1159,2786,0.30881937500089407,0.010805665471070237,37,current_ma|wheel_mean|wheel_abs_diff|command_mismatch_share_10s|command_mismatch_share_30s
2786,0.04558506819813352,0.18000000000000002,0.9669777458722182,0.7948013436960608,0.6635514018691588,0.5590551181102362,0.6068376068376068,0.9485064836996917,0.6683336411841715,0.030176715314342493,2623,36,56,71,5,all_sessions,full_graph_no_soc,S4_SAFETY_RICH_NAVEEN12,HistGradientBoosting,session:S3_MEDIUM_SOC_WHOLETESTING,platt_sigmoid,3259,1159,2786,0.3089613749907585,0.0030205341022811315,37,current_ma|wheel_mean|wheel_abs_diff|command_mismatch_share_10s|command_mismatch_share_30s
724,0.0,0.1,1.0,0.5,0.0,0.0,0.0,,,0.00011304911753720781,724,0,0,0,5,all_sessions,full_graph_no_soc,S5_REAL_TMS_JULY10,LogisticRegression,session:S4_SAFETY_RICH_NAVEEN12,platt_sigmoid,3694,2786,724,0.0203087090048939,0.0026381781755030692,40,command_mismatch_share_10s|command_mismatch_share_30s
724,0.0,0.26,1.0,0.5,0.0,0.0,0.0,,,1.263430572463829e-09,724,0,0,0,5,all_sessions,full_graph_no_soc,S5_REAL_TMS_JULY10,ExtraTrees,session:S4_SAFETY_RICH_NAVEEN12,platt_sigmoid,3694,2786,724,0.18337312500807457,0.0446273024762834,40,command_mismatch_share_10s|command_mismatch_share_30s
724,0.0,0.22000000000000003,1.0,0.5,0.0,0.0,0.0,,,3.5146252118948066e-08,724,0,0,0,5,all_sessions,full_graph_no_soc,S5_REAL_TMS_JULY10,RandomForest,session:S4_SAFETY_RICH_NAVEEN12,platt_sigmoid,3694,2786,724,0.3279527090053307,0.0439953950242762,40,command_mismatch_share_10s|command_mismatch_share_30s
724,0.0,0.26,1.0,0.5,0.0,0.0,0.0,,,6.944921122969551e-06,724,0,0,0,5,all_sessions,full_graph_no_soc,S5_REAL_TMS_JULY10,HistGradientBoosting,session:S4_SAFETY_RICH_NAVEEN12,platt_sigmoid,3694,2786,724,0.3734824159910204,0.007420120162159997,40,command_mismatch_share_10s|command_mismatch_share_30s
2148,0.04888268156424581,0.14,0.9511173184357542,0.7064745055525694,0.5,0.3904761904761905,0.4385026737967914,0.9794606437778244,0.613040208110637,0.03663615072803433,2002,41,64,41,5,all_sessions,no_graph,S1_LOW_SOC_STRESS,LogisticRegression,session:S3_MEDIUM_SOC_WHOLETESTING,platt_sigmoid,3897,1159,2148,0.017318958009127527,0.001007894786420318,24,command_mismatch_share_10s|command_mismatch_share_30s
2148,0.04888268156424581,0.16000000000000003,0.9511173184357542,0.4874731567644954,0.0,0.0,0.0,0.9820268978859289,0.6392199489491501,0.04359458071278664,2043,0,105,0,5,all_sessions,no_graph,S1_LOW_SOC_STRESS,ExtraTrees,session:S3_MEDIUM_SOC_WHOLETESTING,platt_sigmoid,3897,1159,2148,0.17076337499020156,0.015017709962427928,24,command_mismatch_share_10s|command_mismatch_share_30s
2148,0.04888268156424581,0.14,0.957169459962756,0.7815016784088948,0.5555555555555556,0.6190476190476191,0.5855855855855856,0.9818544157751207,0.6882404337885621,0.03206086856294142,1991,52,40,65,5,all_sessions,no_graph,S1_LOW_SOC_STRESS,RandomForest,session:S3_MEDIUM_SOC_WHOLETESTING,platt_sigmoid,3897,1159,2148,0.3247745410044445,0.014159412007985699,24,command_mismatch_share_10s|command_mismatch_share_30s
2148,0.04888268156424581,0.14,0.962756052141527,0.8083682754929075,0.6086956521739131,0.6666666666666666,0.6363636363636364,0.9804279421019508,0.6181179114178291,0.03013732181525928,1998,45,35,70,5,all_sessions,no_graph,S1_LOW_SOC_STRESS,HistGradientBoosting,session:S3_MEDIUM_SOC_WHOLETESTING,platt_sigmoid,3897,1159,2148,0.32962470898928586,0.0033976955369012553,24,command_mismatch_share_10s|command_mismatch_share_30s
387,0.0,0.22000000000000003,1.0,0.5,0.0,0.0,0.0,,,2.0258907881331737e-10,387,0,0,0,5,all_sessions,no_graph,S2_HIGH_SOC_CONTROL,LogisticRegression,session:S4_SAFETY_RICH_NAVEEN12,platt_sigmoid,4031,2786,387,0.017894250006065704,0.004599160219672634,24,command_mismatch_share_10s|command_mismatch_share_30s
387,0.0,0.24000000000000005,1.0,0.5,0.0,0.0,0.0,,,1.1098023566355665e-07,387,0,0,0,5,all_sessions,no_graph,S2_HIGH_SOC_CONTROL,ExtraTrees,session:S4_SAFETY_RICH_NAVEEN12,platt_sigmoid,4031,2786,387,0.18196058399917092,0.07934140826446709,24,command_mismatch_share_10s|command_mismatch_share_30s
387,0.0,0.26,1.0,0.5,0.0,0.0,0.0,,,7.394087943687431e-08,387,0,0,0,5,all_sessions,no_graph,S2_HIGH_SOC_CONTROL,RandomForest,session:S4_SAFETY_RICH_NAVEEN12,platt_sigmoid,4031,2786,387,0.31461704199318774,0.08515773124623446,24,command_mismatch_share_10s|command_mismatch_share_30s
387,0.0,0.24000000000000005,1.0,0.5,0.0,0.0,0.0,,,1.1998496714786121e-05,387,0,0,0,5,all_sessions,no_graph,S2_HIGH_SOC_CONTROL,HistGradientBoosting,session:S4_SAFETY_RICH_NAVEEN12,platt_sigmoid,4031,2786,387,0.34142712500761263,0.014325581394431955,24,command_mismatch_share_10s|command_mismatch_share_30s
1159,0.023295944779982744,0.30000000000000004,0.9508196721311475,0.6171525930562075,0.2,0.37037037037037035,0.2597402597402597,0.9100248658552545,0.17691454375507282,0.02447735345133,1092,40,17,10,5,all_sessions,no_graph,S3_MEDIUM_SOC_WHOLETESTING,LogisticRegression,session:S4_SAFETY_RICH_NAVEEN12,platt_sigmoid,3259,2786,1159,0.012681457999860868,0.0016446289956140573,21,current_ma|wheel_mean|wheel_abs_diff|command_mismatch_share_10s|command_mismatch_share_30s
1159,0.023295944779982744,0.32000000000000006,0.9421915444348576,0.5908801138010062,0.15517241379310345,0.3333333333333333,0.21176470588235294,0.9213780918727915,0.29165072141463527,0.0290321580436123,1083,49,18,9,5,all_sessions,no_graph,S3_MEDIUM_SOC_WHOLETESTING,ExtraTrees,session:S4_SAFETY_RICH_NAVEEN12,platt_sigmoid,3259,2786,1159,0.17914516599557828,0.027788287311221044,21,current_ma|wheel_mean|wheel_abs_diff|command_mismatch_share_10s|command_mismatch_share_30s
1159,0.023295944779982744,0.22000000000000003,0.9197584124245038,0.5674071398470892,0.11627906976744186,0.37037037037037035,0.17699115044247787,0.9206582907996336,0.3111268118348278,0.025664037939305225,1056,76,17,10,5,all_sessions,no_graph,S3_MEDIUM_SOC_WHOLETESTING,RandomForest,session:S4_SAFETY_RICH_NAVEEN12,platt_sigmoid,3259,2786,1159,0.29744100000243634,0.028941436582128416,21,current_ma|wheel_mean|wheel_abs_diff|command_mismatch_share_10s|command_mismatch_share_30s
1159,0.023295944779982744,0.14,0.9318377911993098,0.5749987235247427,0.12857142857142856,0.3333333333333333,0.18556701030927836,0.8751308729223924,0.3102033076618399,0.027174530158441013,1071,61,18,9,5,all_sessions,no_graph,S3_MEDIUM_SOC_WHOLETESTING,HistGradientBoosting,session:S4_SAFETY_RICH_NAVEEN12,platt_sigmoid,3259,2786,1159,0.2935324169957312,0.00578879033558061,21,current_ma|wheel_mean|wheel_abs_diff|command_mismatch_share_10s|command_mismatch_share_30s
2786,0.04558506819813352,0.16000000000000003,0.9547738693467337,0.7821541073702554,0.5027932960893855,0.7086614173228346,0.5882352941176471,0.9663392489628153,0.5902359658870465,0.03218933984053144,2570,89,37,90,5,all_sessions,no_graph,S4_SAFETY_RICH_NAVEEN12,LogisticRegression,session:S3_MEDIUM_SOC_WHOLETESTING,platt_sigmoid,3259,1159,2786,0.012489375003497116,0.0007695620955581117,21,current_ma|wheel_mean|wheel_abs_diff|command_mismatch_share_10s|command_mismatch_share_30s
2786,0.04558506819813352,0.2,0.951543431442929,0.5973242743518121,0.41304347826086957,0.14960629921259844,0.21965317919075145,0.9657440337821632,0.4705204472452371,0.03483359098248026,2632,27,108,19,5,all_sessions,no_graph,S4_SAFETY_RICH_NAVEEN12,ExtraTrees,session:S3_MEDIUM_SOC_WHOLETESTING,platt_sigmoid,3259,1159,2786,0.16892295899742749,0.014115069276923669,21,current_ma|wheel_mean|wheel_abs_diff|command_mismatch_share_10s|command_mismatch_share_30s
2786,0.04558506819813352,0.18000000000000002,0.9522613065326633,0.6811300864431794,0.4666666666666667,0.33070866141732286,0.3870967741935484,0.9650422128975135,0.46456485093607847,0.03452714504286119,2611,48,85,42,5,all_sessions,no_graph,S4_SAFETY_RICH_NAVEEN12,RandomForest,session:S3_MEDIUM_SOC_WHOLETESTING,platt_sigmoid,3259,1159,2786,0.30267029099923093,0.012267019740452592,21,current_ma|wheel_mean|wheel_abs_diff|command_mismatch_share_10s|command_mismatch_share_30s
2786,0.04558506819813352,0.30000000000000004,0.9565685570710696,0.6176492938944068,0.5833333333333334,0.16535433070866143,0.25766871165644173,0.9347691542318024,0.472151544005144,0.03710322035216945,2644,15,106,21,5,all_sessions,no_graph,S4_SAFETY_RICH_NAVEEN12,HistGradientBoosting,session:S3_MEDIUM_SOC_WHOLETESTING,platt_sigmoid,3259,1159,2786,0.28050520800752565,0.002716379392882428,21,current_ma|wheel_mean|wheel_abs_diff|command_mismatch_share_10s|command_mismatch_share_30s
724,0.0,0.22000000000000003,1.0,0.5,0.0,0.0,0.0,,,1.2262440764919771e-11,724,0,0,0,5,all_sessions,no_graph,S5_REAL_TMS_JULY10,LogisticRegression,session:S4_SAFETY_RICH_NAVEEN12,platt_sigmoid,3694,2786,724,0.017043333005858585,0.0025415524936188527,24,command_mismatch_share_10s|command_mismatch_share_30s
724,0.0,0.22000000000000003,1.0,0.5,0.0,0.0,0.0,,,2.4021907096362563e-08,724,0,0,0,5,all_sessions,no_graph,S5_REAL_TMS_JULY10,ExtraTrees,session:S4_SAFETY_RICH_NAVEEN12,platt_sigmoid,3694,2786,724,0.180754374989192,0.04568905386709073,24,command_mismatch_share_10s|command_mismatch_share_30s
724,0.0,0.38000000000000006,1.0,0.5,0.0,0.0,0.0,,,3.0862269681041434e-07,724,0,0,0,5,all_sessions,no_graph,S5_REAL_TMS_JULY10,RandomForest,session:S4_SAFETY_RICH_NAVEEN12,platt_sigmoid,3694,2786,724,0.3101697910024086,0.04555824169636966,24,command_mismatch_share_10s|command_mismatch_share_30s
724,0.0,0.24000000000000005,1.0,0.5,0.0,0.0,0.0,,,2.5528745038498794e-05,724,0,0,0,5,all_sessions,no_graph,S5_REAL_TMS_JULY10,HistGradientBoosting,session:S4_SAFETY_RICH_NAVEEN12,platt_sigmoid,3694,2786,724,0.35940691600262653,0.007571765208470208,24,command_mismatch_share_10s|command_mismatch_share_30s
2148,0.04888268156424581,0.14,0.9613594040968343,0.7792156809324547,0.6195652173913043,0.5428571428571428,0.5786802030456852,0.9825606600936997,0.6447854291539157,0.03530005969459212,2008,35,48,57,5,all_sessions,euclidean_only,S1_LOW_SOC_STRESS,LogisticRegression,session:S3_MEDIUM_SOC_WHOLETESTING,platt_sigmoid,3897,1159,2148,0.017164083008538,0.0010207946934399942,27,command_mismatch_share_10s|command_mismatch_share_30s
2148,0.04888268156424581,0.32000000000000006,0.9511173184357542,0.4874731567644954,0.0,0.0,0.0,0.983735403118663,0.6585108941150778,0.04307354395883306,2043,0,105,0,5,all_sessions,euclidean_only,S1_LOW_SOC_STRESS,ExtraTrees,session:S3_MEDIUM_SOC_WHOLETESTING,platt_sigmoid,3897,1159,2148,0.17124629199679475,0.015750756520364742,27,command_mismatch_share_10s|command_mismatch_share_30s
2148,0.04888268156424581,0.4000000000000001,0.9548417132216015,0.5738644381860463,0.8333333333333334,0.09523809523809523,0.17094017094017094,0.9852784187585949,0.709072540242675,0.03060516026471583,2041,2,95,10,5,all_sessions,euclidean_only,S1_LOW_SOC_STRESS,RandomForest,session:S3_MEDIUM_SOC_WHOLETESTING,platt_sigmoid,3897,1159,2148,0.31455562499468215,0.015906444135047427,27,command_mismatch_share_10s|command_mismatch_share_30s
2148,0.04888268156424581,0.26,0.9655493482309124,0.7962519547773477,0.6823529411764706,0.5523809523809524,0.6105263157894737,0.9850663123790877,0.7232149550466123,0.02732496584977365,2016,27,47,58,5,all_sessions,euclidean_only,S1_LOW_SOC_STRESS,HistGradientBoosting,session:S3_MEDIUM_SOC_WHOLETESTING,platt_sigmoid,3897,1159,2148,0.3531165830063401,0.003260144784413989,27,command_mismatch_share_10s|command_mismatch_share_30s
387,0.0,0.24000000000000005,1.0,0.5,0.0,0.0,0.0,,,2.1864045814413547e-09,387,0,0,0,5,all_sessions,euclidean_only,S2_HIGH_SOC_CONTROL,LogisticRegression,session:S4_SAFETY_RICH_NAVEEN12,platt_sigmoid,4031,2786,387,0.019405165992793627,0.004640935421728791,27,command_mismatch_share_10s|command_mismatch_share_30s
387,0.0,0.26,1.0,0.5,0.0,0.0,0.0,,,2.0914213635239572e-07,387,0,0,0,5,all_sessions,euclidean_only,S2_HIGH_SOC_CONTROL,ExtraTrees,session:S4_SAFETY_RICH_NAVEEN12,platt_sigmoid,4031,2786,387,0.1818843749933876,0.08764631781656083,27,command_mismatch_share_10s|command_mismatch_share_30s
387,0.0,0.32000000000000006,1.0,0.5,0.0,0.0,0.0,,,2.018093597932918e-09,387,0,0,0,5,all_sessions,euclidean_only,S2_HIGH_SOC_CONTROL,RandomForest,session:S4_SAFETY_RICH_NAVEEN12,platt_sigmoid,4031,2786,387,0.32684483300545253,0.08334270026444551,27,command_mismatch_share_10s|command_mismatch_share_30s
387,0.0,0.6200000000000001,1.0,0.5,0.0,0.0,0.0,,,3.967684598229614e-07,387,0,0,0,5,all_sessions,euclidean_only,S2_HIGH_SOC_CONTROL,HistGradientBoosting,session:S4_SAFETY_RICH_NAVEEN12,platt_sigmoid,4031,2786,387,0.336557750008069,0.014389643437489,27,command_mismatch_share_10s|command_mismatch_share_30s
1159,0.023295944779982744,0.24000000000000005,0.9396031061259706,0.5954019549172153,0.15873015873015872,0.37037037037037035,0.2222222222222222,0.9097304017798717,0.1567741629533212,0.024924430557740945,1079,53,17,10,5,all_sessions,euclidean_only,S3_MEDIUM_SOC_WHOLETESTING,LogisticRegression,session:S4_SAFETY_RICH_NAVEEN12,platt_sigmoid,3259,2786,1159,0.013591833005193621,0.0016636462394803815,24,current_ma|wheel_mean|wheel_abs_diff|command_mismatch_share_10s|command_mismatch_share_30s
1159,0.023295944779982744,0.4800000000000001,0.9689387402933564,0.6007731169626455,0.2631578947368421,0.18518518518518517,0.21739130434782608,0.9254351524669545,0.24779102028819158,0.023738899702779093,1118,14,22,5,5,all_sessions,euclidean_only,S3_MEDIUM_SOC_WHOLETESTING,ExtraTrees,session:S4_SAFETY_RICH_NAVEEN12,platt_sigmoid,3259,2786,1159,0.1834532499924535,0.0282205565107546,24,current_ma|wheel_mean|wheel_abs_diff|command_mismatch_share_10s|command_mismatch_share_30s
1159,0.023295944779982744,0.30000000000000004,0.9516824849007766,0.6190900981266726,0.20408163265306123,0.37037037037037035,0.2631578947368421,0.943953670985473,0.38766955499545586,0.02194169269513567,1093,39,17,10,5,all_sessions,euclidean_only,S3_MEDIUM_SOC_WHOLETESTING,RandomForest,session:S4_SAFETY_RICH_NAVEEN12,platt_sigmoid,3259,2786,1159,0.3025032080040546,0.02948928644631148,24,current_ma|wheel_mean|wheel_abs_diff|command_mismatch_share_10s|command_mismatch_share_30s
1159,0.023295944779982744,0.12000000000000001,0.9309749784296808,0.5738187166758596,0.1267605633802817,0.3333333333333333,0.1836734693877551,0.9084053134406491,0.29576008628946593,0.028019903686562025,1070,62,18,9,5,all_sessions,euclidean_only,S3_MEDIUM_SOC_WHOLETESTING,HistGradientBoosting,session:S4_SAFETY_RICH_NAVEEN12,platt_sigmoid,3259,2786,1159,0.319430999996257,0.005989646253025768,24,current_ma|wheel_mean|wheel_abs_diff|command_mismatch_share_10s|command_mismatch_share_30s
2786,0.04558506819813352,0.16000000000000003,0.9511844938980617,0.7634076649482476,0.4745762711864407,0.6614173228346457,0.5526315789473685,0.9632121483122245,0.4891252612188182,0.03302654175376536,2566,93,43,84,5,all_sessions,euclidean_only,S4_SAFETY_RICH_NAVEEN12,LogisticRegression,session:S3_MEDIUM_SOC_WHOLETESTING,platt_sigmoid,3259,1159,2786,0.013647166997543536,0.000808686288135502,24,current_ma|wheel_mean|wheel_abs_diff|command_mismatch_share_10s|command_mismatch_share_30s
2786,0.04558506819813352,0.18000000000000002,0.9655419956927495,0.8182712613437773,0.6026490066225165,0.7165354330708661,0.6546762589928058,0.9763098435561295,0.7043177496300723,0.031296779723743944,2599,60,36,91,5,all_sessions,euclidean_only,S4_SAFETY_RICH_NAVEEN12,ExtraTrees,session:S3_MEDIUM_SOC_WHOLETESTING,platt_sigmoid,3259,1159,2786,0.17922912500216626,0.012479405961740209,24,current_ma|wheel_mean|wheel_abs_diff|command_mismatch_share_10s|command_mismatch_share_30s
2786,0.04558506819813352,0.30000000000000004,0.9651830581478823,0.7343763975753572,0.7419354838709677,0.36220472440944884,0.48677248677248675,0.9750690716123818,0.6644728142298347,0.028259168900275723,2643,16,81,46,5,all_sessions,euclidean_only,S4_SAFETY_RICH_NAVEEN12,RandomForest,session:S3_MEDIUM_SOC_WHOLETESTING,platt_sigmoid,3259,1159,2786,0.30233474999840837,0.01165559942408198,24,current_ma|wheel_mean|wheel_abs_diff|command_mismatch_share_10s|command_mismatch_share_30s
2786,0.04558506819813352,0.28,0.9637473079684135,0.70532874653765,0.76,0.2992125984251969,0.4293785310734463,0.9613243389706034,0.6529802764810098,0.030919076530499502,2647,12,89,38,5,all_sessions,euclidean_only,S4_SAFETY_RICH_NAVEEN12,HistGradientBoosting,session:S3_MEDIUM_SOC_WHOLETESTING,platt_sigmoid,3259,1159,2786,0.28342849999899045,0.00283599533168238,24,current_ma|wheel_mean|wheel_abs_diff|command_mismatch_share_10s|command_mismatch_share_30s
724,0.0,0.24000000000000005,1.0,0.5,0.0,0.0,0.0,,,2.0162347333682622e-10,724,0,0,0,5,all_sessions,euclidean_only,S5_REAL_TMS_JULY10,LogisticRegression,session:S4_SAFETY_RICH_NAVEEN12,platt_sigmoid,3694,2786,724,0.01737991599657107,0.002559506903899041,27,command_mismatch_share_10s|command_mismatch_share_30s
724,0.0,0.28,1.0,0.5,0.0,0.0,0.0,,,1.4455763794397765e-09,724,0,0,0,5,all_sessions,euclidean_only,S5_REAL_TMS_JULY10,ExtraTrees,session:S4_SAFETY_RICH_NAVEEN12,platt_sigmoid,3694,2786,724,0.1842799590085633,0.04656307596407151,27,command_mismatch_share_10s|command_mismatch_share_30s
724,0.0,0.5200000000000001,1.0,0.5,0.0,0.0,0.0,,,2.6868771758991546e-08,724,0,0,0,5,all_sessions,euclidean_only,S5_REAL_TMS_JULY10,RandomForest,session:S4_SAFETY_RICH_NAVEEN12,platt_sigmoid,3694,2786,724,0.31871812499593943,0.04828850137653828,27,command_mismatch_share_10s|command_mismatch_share_30s
724,0.0,0.5000000000000001,1.0,0.5,0.0,0.0,0.0,,,2.1768272071313673e-07,724,0,0,0,5,all_sessions,euclidean_only,S5_REAL_TMS_JULY10,HistGradientBoosting,session:S4_SAFETY_RICH_NAVEEN12,platt_sigmoid,3694,2786,724,0.34743324998999014,0.008551911609305213,27,command_mismatch_share_10s|command_mismatch_share_30s
2148,0.04888268156424581,0.12000000000000001,0.9613594040968343,0.7353576406567519,0.6896551724137931,0.38095238095238093,0.49079754601226994,0.9834603640771041,0.6754658286146361,0.039734357424678214,2025,18,65,40,5,all_sessions,euclidean_no_soc,S1_LOW_SOC_STRESS,LogisticRegression,session:S3_MEDIUM_SOC_WHOLETESTING,platt_sigmoid,3897,1159,2148,0.018196624994743615,0.0009856261626220685,24,command_mismatch_share_10s|command_mismatch_share_30s
2148,0.04888268156424581,0.3400000000000001,0.9511173184357542,0.4874731567644954,0.0,0.0,0.0,0.9841129990909726,0.6863549852584021,0.044394819567115544,2043,0,105,0,5,all_sessions,euclidean_no_soc,S1_LOW_SOC_STRESS,ExtraTrees,session:S3_MEDIUM_SOC_WHOLETESTING,platt_sigmoid,3897,1159,2148,0.17352300000493415,0.016686200647208636,24,command_mismatch_share_10s|command_mismatch_share_30s
2148,0.04888268156424581,0.38000000000000006,0.9590316573556797,0.6610699505834594,0.7931034482758621,0.21904761904761905,0.34328358208955223,0.9849567629303312,0.7179025459736178,0.03048047079281843,2037,6,82,23,5,all_sessions,euclidean_no_soc,S1_LOW_SOC_STRESS,RandomForest,session:S3_MEDIUM_SOC_WHOLETESTING,platt_sigmoid,3897,1159,2148,0.3826365419954527,0.01973444273866829,24,command_mismatch_share_10s|command_mismatch_share_30s
2148,0.04888268156424581,0.36000000000000004,0.9618249534450651,0.7829244124998151,0.6236559139784946,0.5523809523809524,0.5858585858585859,0.9835396126145025,0.6918404444181903,0.025875700158349738,2008,35,47,58,5,all_sessions,euclidean_no_soc,S1_LOW_SOC_STRESS,HistGradientBoosting,session:S3_MEDIUM_SOC_WHOLETESTING,platt_sigmoid,3897,1159,2148,0.33355208300054073,0.0038034217872763543,24,command_mismatch_share_10s|command_mismatch_share_30s
387,0.0,0.24000000000000005,1.0,0.5,0.0,0.0,0.0,,,3.325203150314103e-09,387,0,0,0,5,all_sessions,euclidean_no_soc,S2_HIGH_SOC_CONTROL,LogisticRegression,session:S4_SAFETY_RICH_NAVEEN12,platt_sigmoid,4031,2786,387,0.016454583004815504,0.004507428931868912,24,command_mismatch_share_10s|command_mismatch_share_30s
387,0.0,0.2,1.0,0.5,0.0,0.0,0.0,,,4.928611940850447e-07,387,0,0,0,5,all_sessions,euclidean_no_soc,S2_HIGH_SOC_CONTROL,ExtraTrees,session:S4_SAFETY_RICH_NAVEEN12,platt_sigmoid,4031,2786,387,0.18410162501095328,0.09571565374538293,24,command_mismatch_share_10s|command_mismatch_share_30s
387,0.0,0.36000000000000004,1.0,0.5,0.0,0.0,0.0,,,2.0101824552084005e-08,387,0,0,0,5,all_sessions,euclidean_no_soc,S2_HIGH_SOC_CONTROL,RandomForest,session:S4_SAFETY_RICH_NAVEEN12,platt_sigmoid,4031,2786,387,0.3219392920000246,0.08770338241889283,24,command_mismatch_share_10s|command_mismatch_share_30s
387,0.0,0.4000000000000001,1.0,0.5,0.0,0.0,0.0,,,1.1913620628486425e-06,387,0,0,0,5,all_sessions,euclidean_no_soc,S2_HIGH_SOC_CONTROL,HistGradientBoosting,session:S4_SAFETY_RICH_NAVEEN12,platt_sigmoid,4031,2786,387,0.33929120800166856,0.014879198969601718,24,command_mismatch_share_10s|command_mismatch_share_30s
1159,0.023295944779982744,0.22000000000000003,0.917169974115617,0.5644085314291083,0.11235955056179775,0.37037037037037035,0.1724137931034483,0.9126750425336998,0.1694263216818093,0.027106271605868967,1053,79,17,10,5,all_sessions,euclidean_no_soc,S3_MEDIUM_SOC_WHOLETESTING,LogisticRegression,session:S4_SAFETY_RICH_NAVEEN12,platt_sigmoid,3259,2786,1159,0.012839625007472932,0.0016422916240499991,21,current_ma|wheel_mean|wheel_abs_diff|command_mismatch_share_10s|command_mismatch_share_30s
1159,0.023295944779982744,0.4000000000000001,0.9689387402933564,0.670613868889731,0.3448275862068966,0.37037037037037035,0.35714285714285715,0.9274964009946343,0.2818611462339416,0.022912652869586332,1113,19,17,10,5,all_sessions,euclidean_no_soc,S3_MEDIUM_SOC_WHOLETESTING,ExtraTrees,session:S4_SAFETY_RICH_NAVEEN12,platt_sigmoid,3259,2786,1159,0.18610749999061227,0.026940070749585925,21,current_ma|wheel_mean|wheel_abs_diff|command_mismatch_share_10s|command_mismatch_share_30s
1159,0.023295944779982744,0.30000000000000004,0.9551337359792925,0.6273127535371525,0.2222222222222222,0.37037037037037035,0.2777777777777778,0.9387187540897789,0.3249370816152831,0.02182103714319186,1097,35,17,10,5,all_sessions,euclidean_no_soc,S3_MEDIUM_SOC_WHOLETESTING,RandomForest,session:S4_SAFETY_RICH_NAVEEN12,platt_sigmoid,3259,2786,1159,0.3026503750006668,0.03037726487958365,21,current_ma|wheel_mean|wheel_abs_diff|command_mismatch_share_10s|command_mismatch_share_30s
1159,0.023295944779982744,0.14,0.9370146678170836,0.5911223873384076,0.15151515151515152,0.37037037037037035,0.21505376344086022,0.8968230598089255,0.24205666571118464,0.027979055202215882,1076,56,17,10,5,all_sessions,euclidean_no_soc,S3_MEDIUM_SOC_WHOLETESTING,HistGradientBoosting,session:S4_SAFETY_RICH_NAVEEN12,platt_sigmoid,3259,2786,1159,0.27871104099904187,0.005655377912210546,21,current_ma|wheel_mean|wheel_abs_diff|command_mismatch_share_10s|command_mismatch_share_30s
2786,0.04558506819813352,0.18000000000000002,0.9594400574300072,0.7530039142090732,0.5625,0.49606299212598426,0.5271966527196653,0.9652317341490644,0.5190902320474975,0.03361006149170613,2610,49,64,63,5,all_sessions,euclidean_no_soc,S4_SAFETY_RICH_NAVEEN12,LogisticRegression,session:S3_MEDIUM_SOC_WHOLETESTING,platt_sigmoid,3259,1159,2786,0.012729750000289641,0.0007819903086655628,21,current_ma|wheel_mean|wheel_abs_diff|command_mismatch_share_10s|command_mismatch_share_30s
2786,0.04558506819813352,0.24000000000000005,0.9673366834170855,0.760570416715854,0.7571428571428571,0.41732283464566927,0.5380710659898477,0.9742487999455125,0.696968898169809,0.031008789581194292,2642,17,74,53,5,all_sessions,euclidean_no_soc,S4_SAFETY_RICH_NAVEEN12,ExtraTrees,session:S3_MEDIUM_SOC_WHOLETESTING,platt_sigmoid,3259,1159,2786,0.1820552499993937,0.012758449748327605,21,current_ma|wheel_mean|wheel_abs_diff|command_mismatch_share_10s|command_mismatch_share_30s
2786,0.04558506819813352,0.28,0.9644651830581479,0.7316386626982081,0.71875,0.36220472440944884,0.4816753926701571,0.9732375263923149,0.6677545537113609,0.028674118638588753,2641,18,81,46,5,all_sessions,euclidean_no_soc,S4_SAFETY_RICH_NAVEEN12,RandomForest,session:S3_MEDIUM_SOC_WHOLETESTING,platt_sigmoid,3259,1159,2786,0.3024986250093207,0.013294702444310124,21,current_ma|wheel_mean|wheel_abs_diff|command_mismatch_share_10s|command_mismatch_share_30s
2786,0.04558506819813352,0.2,0.9626704953338119,0.7276975185423269,0.6619718309859155,0.3700787401574803,0.47474747474747475,0.9556609109457406,0.626085195930486,0.03222605598161906,2635,24,80,47,5,all_sessions,euclidean_no_soc,S4_SAFETY_RICH_NAVEEN12,HistGradientBoosting,session:S3_MEDIUM_SOC_WHOLETESTING,platt_sigmoid,3259,1159,2786,0.35614429200359154,0.0032097541289460864,21,current_ma|wheel_mean|wheel_abs_diff|command_mismatch_share_10s|command_mismatch_share_30s
724,0.0,0.26,1.0,0.5,0.0,0.0,0.0,,,3.120370742911434e-10,724,0,0,0,5,all_sessions,euclidean_no_soc,S5_REAL_TMS_JULY10,LogisticRegression,session:S4_SAFETY_RICH_NAVEEN12,platt_sigmoid,3694,2786,724,0.016160458006197587,0.002581778992043335,24,command_mismatch_share_10s|command_mismatch_share_30s
724,0.0,0.24000000000000005,1.0,0.5,0.0,0.0,0.0,,,1.3840319559271893e-08,724,0,0,0,5,all_sessions,euclidean_no_soc,S5_REAL_TMS_JULY10,ExtraTrees,session:S4_SAFETY_RICH_NAVEEN12,platt_sigmoid,3694,2786,724,0.19327591700130142,0.05590653729378066,24,command_mismatch_share_10s|command_mismatch_share_30s
724,0.0,0.4800000000000001,1.0,0.5,0.0,0.0,0.0,,,4.9322124605787604e-08,724,0,0,0,5,all_sessions,euclidean_no_soc,S5_REAL_TMS_JULY10,RandomForest,session:S4_SAFETY_RICH_NAVEEN12,platt_sigmoid,3694,2786,724,0.33239316700201016,0.04816298342974939,24,command_mismatch_share_10s|command_mismatch_share_30s
724,0.0,0.4800000000000001,1.0,0.5,0.0,0.0,0.0,,,5.957841965823475e-07,724,0,0,0,5,all_sessions,euclidean_no_soc,S5_REAL_TMS_JULY10,HistGradientBoosting,session:S4_SAFETY_RICH_NAVEEN12,platt_sigmoid,3694,2786,724,0.48685775000194553,0.009593520717417502,24,command_mismatch_share_10s|command_mismatch_share_30s
2148,0.04888268156424581,0.24000000000000005,0.9562383612662942,0.7667935616210522,0.5514018691588785,0.5619047619047619,0.5566037735849056,0.9776705591683565,0.5822909761603814,0.034060297400621616,1995,48,46,59,5,annotated_sessions,full_graph,S1_LOW_SOC_STRESS,LogisticRegression,blocked_tail_20pct,platt_sigmoid,3116,781,2148,0.023556457992526703,0.003721931095870673,43,command_mismatch_share_10s|command_mismatch_share_30s
2148,0.04888268156424581,0.5800000000000001,0.9511173184357542,0.4874731567644954,0.0,0.0,0.0,0.9820851688693097,0.6163557727962703,0.03360219086505583,2043,0,105,0,5,annotated_sessions,full_graph,S1_LOW_SOC_STRESS,ExtraTrees,blocked_tail_20pct,platt_sigmoid,3116,781,2148,0.20520354199106805,0.01775694459998023,43,command_mismatch_share_10s|command_mismatch_share_30s
2148,0.04888268156424581,0.32000000000000006,0.9650837988826816,0.8211142880937179,0.6293103448275862,0.6952380952380952,0.6606334841628959,0.984355406381838,0.6388671346037029,0.024138354785660097,2000,43,32,73,5,annotated_sessions,full_graph,S1_LOW_SOC_STRESS,RandomForest,blocked_tail_20pct,platt_sigmoid,3116,781,2148,0.3124228750093607,0.017139218813248473,43,command_mismatch_share_10s|command_mismatch_share_30s
2148,0.04888268156424581,0.16000000000000003,0.9674115456238361,0.8490816019271303,0.624113475177305,0.8380952380952381,0.7154471544715447,0.984229541057735,0.6538820087317507,0.025299001021593676,1990,53,17,88,5,annotated_sessions,full_graph,S1_LOW_SOC_STRESS,HistGradientBoosting,blocked_tail_20pct,platt_sigmoid,3116,781,2148,0.46070499999041203,0.0036125465508553005,43,command_mismatch_share_10s|command_mismatch_share_30s
387,0.0,0.26,1.0,0.5,0.0,0.0,0.0,,,5.8341922128873926e-05,387,0,0,0,5,annotated_sessions,full_graph,S2_HIGH_SOC_CONTROL,LogisticRegression,session:S4_SAFETY_RICH_NAVEEN12,platt_sigmoid,2872,2786,387,0.017575874997419305,0.008630490982459825,40,current_ma|wheel_mean|wheel_abs_diff|command_mismatch_share_10s|command_mismatch_share_30s
387,0.0,0.42000000000000004,1.0,0.5,0.0,0.0,0.0,,,5.7617417571032625e-11,387,0,0,0,5,annotated_sessions,full_graph,S2_HIGH_SOC_CONTROL,ExtraTrees,session:S4_SAFETY_RICH_NAVEEN12,platt_sigmoid,2872,2786,387,0.19845350000832696,0.09755340312458383,40,current_ma|wheel_mean|wheel_abs_diff|command_mismatch_share_10s|command_mismatch_share_30s
387,0.0,0.4800000000000001,1.0,0.5,0.0,0.0,0.0,,,1.3485930409190504e-08,387,0,0,0,5,annotated_sessions,full_graph,S2_HIGH_SOC_CONTROL,RandomForest,session:S4_SAFETY_RICH_NAVEEN12,platt_sigmoid,2872,2786,387,0.3195819999964442,0.0982548449581335,40,current_ma|wheel_mean|wheel_abs_diff|command_mismatch_share_10s|command_mismatch_share_30s
387,0.0,0.4000000000000001,1.0,0.5,0.0,0.0,0.0,,,2.082241519119256e-05,387,0,0,0,5,annotated_sessions,full_graph,S2_HIGH_SOC_CONTROL,HistGradientBoosting,session:S4_SAFETY_RICH_NAVEEN12,platt_sigmoid,2872,2786,387,0.4460577080026269,0.01813049093658918,40,current_ma|wheel_mean|wheel_abs_diff|command_mismatch_share_10s|command_mismatch_share_30s
2786,0.04558506819813352,0.4800000000000001,0.8653984206748025,0.6002387662214672,0.18205128205128204,0.5590551181102362,0.2746615087040619,0.8727675729138595,0.22376186401098974,0.10491674430810945,2340,319,56,71,5,annotated_sessions,full_graph,S4_SAFETY_RICH_NAVEEN12,LogisticRegression,blocked_tail_20pct,platt_sigmoid,2606,653,2786,0.015889749993220903,0.0019498234012596074,40,current_ma|wheel_mean|wheel_abs_diff|command_mismatch_share_10s|command_mismatch_share_30s
2786,0.04558506819813352,0.44000000000000006,0.9633883704235463,0.6795939168711214,0.8378378378378378,0.2440944881889764,0.3780487804878049,0.9759929877136926,0.6809055081473327,0.02567571256790857,2653,6,96,31,5,annotated_sessions,full_graph,S4_SAFETY_RICH_NAVEEN12,ExtraTrees,blocked_tail_20pct,platt_sigmoid,2606,653,2786,0.2595410830108449,0.018754486716929048,40,current_ma|wheel_mean|wheel_abs_diff|command_mismatch_share_10s|command_mismatch_share_30s
2786,0.04558506819813352,0.32000000000000006,0.9745154343144293,0.8541076163397463,0.71875,0.7244094488188977,0.7215686274509804,0.9816667801819997,0.7858154306282097,0.018808463957338574,2623,36,35,92,5,annotated_sessions,full_graph,S4_SAFETY_RICH_NAVEEN12,RandomForest,blocked_tail_20pct,platt_sigmoid,2606,653,2786,0.3184447500098031,0.013791292897701044,40,current_ma|wheel_mean|wheel_abs_diff|command_mismatch_share_10s|command_mismatch_share_30s
2786,0.04558506819813352,0.1,0.9662598707824839,0.8157656288692285,0.6170212765957447,0.6850393700787402,0.6492537313432836,0.9542631917155523,0.6736056578035436,0.026673968234526262,2605,54,40,87,5,annotated_sessions,full_graph,S4_SAFETY_RICH_NAVEEN12,HistGradientBoosting,blocked_tail_20pct,platt_sigmoid,2606,653,2786,0.4240141249902081,0.0031385947620494146,40,current_ma|wheel_mean|wheel_abs_diff|command_mismatch_share_10s|command_mismatch_share_30s
724,0.0,0.24000000000000005,1.0,0.5,0.0,0.0,0.0,,,5.573465699470759e-05,724,0,0,0,5,annotated_sessions,full_graph,S5_REAL_TMS_JULY10,LogisticRegression,session:S4_SAFETY_RICH_NAVEEN12,platt_sigmoid,2535,2786,724,0.014192000002367422,0.0026820317789968823,40,current_ma|wheel_mean|wheel_abs_diff|command_mismatch_share_10s|command_mismatch_share_30s
724,0.0,0.4000000000000001,1.0,0.5,0.0,0.0,0.0,,,8.17600859174133e-11,724,0,0,0,5,annotated_sessions,full_graph,S5_REAL_TMS_JULY10,ExtraTrees,session:S4_SAFETY_RICH_NAVEEN12,platt_sigmoid,2535,2786,724,0.17760883299342822,0.04939341714469978,40,current_ma|wheel_mean|wheel_abs_diff|command_mismatch_share_10s|command_mismatch_share_30s
724,0.0,0.54,1.0,0.5,0.0,0.0,0.0,,,2.9432633914193324e-08,724,0,0,0,5,annotated_sessions,full_graph,S5_REAL_TMS_JULY10,RandomForest,session:S4_SAFETY_RICH_NAVEEN12,platt_sigmoid,2535,2786,724,0.30655949999345466,0.05316073896195508,40,current_ma|wheel_mean|wheel_abs_diff|command_mismatch_share_10s|command_mismatch_share_30s
724,0.0,0.30000000000000004,1.0,0.5,0.0,0.0,0.0,,,8.415918779574103e-06,724,0,0,0,5,annotated_sessions,full_graph,S5_REAL_TMS_JULY10,HistGradientBoosting,session:S4_SAFETY_RICH_NAVEEN12,platt_sigmoid,2535,2786,724,0.3627892500080634,0.008106353591892159,40,current_ma|wheel_mean|wheel_abs_diff|command_mismatch_share_10s|command_mismatch_share_30s
387,0.0,0.5000000000000001,1.0,0.5,0.0,0.0,0.0,,,2.6175955749763948e-05,387,0,0,0,5,recorded_route_only,full_graph,S2_HIGH_SOC_CONTROL,LogisticRegression,blocked_tail_20pct,platt_sigmoid,2239,561,387,0.01506070799950976,0.005938415994653503,40,current_ma|wheel_mean|wheel_abs_diff|command_mismatch_share_10s|command_mismatch_share_30s
387,0.0,0.5200000000000001,1.0,0.5,0.0,0.0,0.0,,,3.733373299282391e-09,387,0,0,0,5,recorded_route_only,full_graph,S2_HIGH_SOC_CONTROL,ExtraTrees,blocked_tail_20pct,platt_sigmoid,2239,561,387,0.1875141249911394,0.1003341938071771,40,current_ma|wheel_mean|wheel_abs_diff|command_mismatch_share_10s|command_mismatch_share_30s
387,0.0,0.30000000000000004,1.0,0.5,0.0,0.0,0.0,,,1.7933189765553903e-08,387,0,0,0,5,recorded_route_only,full_graph,S2_HIGH_SOC_CONTROL,RandomForest,blocked_tail_20pct,platt_sigmoid,2239,561,387,0.3485461250093067,0.09606610853507759,40,current_ma|wheel_mean|wheel_abs_diff|command_mismatch_share_10s|command_mismatch_share_30s
387,0.0,0.3400000000000001,1.0,0.5,0.0,0.0,0.0,,,2.679990989882221e-07,387,0,0,0,5,recorded_route_only,full_graph,S2_HIGH_SOC_CONTROL,HistGradientBoosting,blocked_tail_20pct,platt_sigmoid,2239,561,387,0.5708474580023903,0.0934682377206176,40,current_ma|wheel_mean|wheel_abs_diff|command_mismatch_share_10s|command_mismatch_share_30s
707,0.0,0.4800000000000001,1.0,0.5,0.0,0.0,0.0,,,1.1114876791474474e-05,707,0,0,0,5,recorded_route_only,full_graph,S5_REAL_TMS_JULY10,LogisticRegression,blocked_tail_20pct,platt_sigmoid,1983,497,707,0.013039958997978829,0.0026930099115423764,40,current_ma|wheel_mean|wheel_abs_diff|command_mismatch_share_10s|command_mismatch_share_30s
707,0.0,0.4600000000000001,1.0,0.5,0.0,0.0,0.0,,,1.8203111432768863e-10,707,0,0,0,5,recorded_route_only,full_graph,S5_REAL_TMS_JULY10,ExtraTrees,blocked_tail_20pct,platt_sigmoid,1983,497,707,0.18785320800088812,0.054246640744088206,40,current_ma|wheel_mean|wheel_abs_diff|command_mismatch_share_10s|command_mismatch_share_30s
707,0.0,0.30000000000000004,1.0,0.5,0.0,0.0,0.0,,,2.9834740053216858e-09,707,0,0,0,5,recorded_route_only,full_graph,S5_REAL_TMS_JULY10,RandomForest,blocked_tail_20pct,platt_sigmoid,1983,497,707,0.29282074999355245,0.05475595191103318,40,current_ma|wheel_mean|wheel_abs_diff|command_mismatch_share_10s|command_mismatch_share_30s
707,0.0,0.30000000000000004,1.0,0.5,0.0,0.0,0.0,,,3.833709871264926e-07,707,0,0,0,5,recorded_route_only,full_graph,S5_REAL_TMS_JULY10,HistGradientBoosting,blocked_tail_20pct,platt_sigmoid,1983,497,707,0.3071670829958748,0.008394329560343625,40,current_ma|wheel_mean|wheel_abs_diff|command_mismatch_share_10s|command_mismatch_share_30s
2148,0.04888268156424581,0.5,0.9511173184357542,0.4874731567644954,0.0,0.0,0.0,0.5,0.04888268156424581,0.04888268156424581,2043,0,105,0,5,all_sessions,engineering_baseline,S1_LOW_SOC_STRESS,AlwaysNegative,fixed_rule_no_training,not_applicable,0,0,2148,0.0,0.0,0,
2148,0.04888268156424581,0.5,0.9511173184357542,0.4874731567644954,0.0,0.0,0.0,0.5,0.04888268156424581,0.04888268156424581,2043,0,105,0,5,all_sessions,engineering_baseline,S1_LOW_SOC_STRESS,PersistenceH0,fixed_rule_no_training,not_applicable,0,0,2148,0.0,0.0,0,
2148,0.04888268156424581,0.5,0.9269087523277467,0.7087829861755768,0.358695652173913,0.6285714285714286,0.45674740484429066,0.7854066149220333,0.24362226309032234,0.07309124767225327,1925,118,39,66,5,all_sessions,engineering_baseline,S1_LOW_SOC_STRESS,RuleGraph,fixed_rule_no_training,not_applicable,0,0,2148,0.0,0.0,0,
2148,0.04888268156424581,0.5,0.9422718808193669,0.7029708270140066,0.41739130434782606,0.45714285714285713,0.43636363636363634,0.7121739738479826,0.21734376626531107,0.05772811918063315,1976,67,57,48,5,all_sessions,engineering_baseline,S1_LOW_SOC_STRESS,RuleEuclidean,fixed_rule_no_training,not_applicable,0,0,2148,0.0,0.0,0,
387,0.0,0.5,1.0,0.5,0.0,0.0,0.0,,,0.0,387,0,0,0,5,all_sessions,engineering_baseline,S2_HIGH_SOC_CONTROL,AlwaysNegative,fixed_rule_no_training,not_applicable,0,0,387,0.0,0.0,0,
387,0.0,0.5,1.0,0.5,0.0,0.0,0.0,,,0.0,387,0,0,0,5,all_sessions,engineering_baseline,S2_HIGH_SOC_CONTROL,PersistenceH0,fixed_rule_no_training,not_applicable,0,0,387,0.0,0.0,0,
387,0.0,0.5,0.9819121447028424,0.4954367666232073,0.0,0.0,0.0,,,0.01808785529715762,380,7,0,0,5,all_sessions,engineering_baseline,S2_HIGH_SOC_CONTROL,RuleGraph,fixed_rule_no_training,not_applicable,0,0,387,0.0,0.0,0,
387,0.0,0.5,0.9844961240310077,0.49609375,0.0,0.0,0.0,,,0.015503875968992248,381,6,0,0,5,all_sessions,engineering_baseline,S2_HIGH_SOC_CONTROL,RuleEuclidean,fixed_rule_no_training,not_applicable,0,0,387,0.0,0.0,0,
1159,0.023295944779982744,0.5,0.9767040552200172,0.49410737669140115,0.0,0.0,0.0,0.5,0.023295944779982744,0.023295944779982744,1132,0,27,0,5,all_sessions,engineering_baseline,S3_MEDIUM_SOC_WHOLETESTING,AlwaysNegative,fixed_rule_no_training,not_applicable,0,0,1159,0.0,0.0,0,
1159,0.023295944779982744,0.5,0.9767040552200172,0.49410737669140115,0.0,0.0,0.0,0.5,0.023295944779982744,0.023295944779982744,1132,0,27,0,5,all_sessions,engineering_baseline,S3_MEDIUM_SOC_WHOLETESTING,PersistenceH0,fixed_rule_no_training,not_applicable,0,0,1159,0.0,0.0,0,
1159,0.023295944779982744,0.5,0.9197584124245038,0.6622547683283355,0.225,1.0,0.3673469387755102,0.9589222614840989,0.225,0.08024158757549611,1039,93,0,27,5,all_sessions,engineering_baseline,S3_MEDIUM_SOC_WHOLETESTING,RuleGraph,fixed_rule_no_training,not_applicable,0,0,1159,0.0,0.0,0,
1159,0.023295944779982744,0.5,0.8912855910267472,0.6166281633938885,0.17218543046357615,0.9629629629629629,0.29213483146067415,0.9262694673472057,0.16667100506788748,0.10871440897325281,1007,125,1,26,5,all_sessions,engineering_baseline,S3_MEDIUM_SOC_WHOLETESTING,RuleEuclidean,fixed_rule_no_training,not_applicable,0,0,1159,0.0,0.0,0,
2786,0.04558506819813352,0.5,0.9544149318018664,0.48833792470156107,0.0,0.0,0.0,0.5,0.04558506819813352,0.04558506819813352,2659,0,127,0,5,all_sessions,engineering_baseline,S4_SAFETY_RICH_NAVEEN12,AlwaysNegative,fixed_rule_no_training,not_applicable,0,0,2786,0.0,0.0,0,
2786,0.04558506819813352,0.5,0.9544149318018664,0.48833792470156107,0.0,0.0,0.0,0.5,0.04558506819813352,0.04558506819813352,2659,0,127,0,5,all_sessions,engineering_baseline,S4_SAFETY_RICH_NAVEEN12,PersistenceH0,fixed_rule_no_training,not_applicable,0,0,2786,0.0,0.0,0,
2786,0.04558506819813352,0.5,0.9041636755204594,0.6412652376021848,0.24452554744525548,0.5275590551181102,0.3341645885286783,0.7248551198869978,0.1505379194544892,0.09583632447954056,2452,207,60,67,5,all_sessions,engineering_baseline,S4_SAFETY_RICH_NAVEEN12,RuleGraph,fixed_rule_no_training,not_applicable,0,0,2786,0.0,0.0,0,
2786,0.04558506819813352,0.5,0.8801148600143575,0.6119485892057349,0.19825072886297376,0.5354330708661418,0.28936170212765955,0.7160053658204345,0.12732731170371728,0.1198851399856425,2384,275,59,68,5,all_sessions,engineering_baseline,S4_SAFETY_RICH_NAVEEN12,RuleEuclidean,fixed_rule_no_training,not_applicable,0,0,2786,0.0,0.0,0,
724,0.0,0.5,1.0,0.5,0.0,0.0,0.0,,,0.0,724,0,0,0,5,all_sessions,engineering_baseline,S5_REAL_TMS_JULY10,AlwaysNegative,fixed_rule_no_training,not_applicable,0,0,724,0.0,0.0,0,
724,0.0,0.5,1.0,0.5,0.0,0.0,0.0,,,0.0,724,0,0,0,5,all_sessions,engineering_baseline,S5_REAL_TMS_JULY10,PersistenceH0,fixed_rule_no_training,not_applicable,0,0,724,0.0,0.0,0,
724,0.0,0.5,0.994475138121547,0.4986149584487535,0.0,0.0,0.0,,,0.0055248618784530384,720,4,0,0,5,all_sessions,engineering_baseline,S5_REAL_TMS_JULY10,RuleGraph,fixed_rule_no_training,not_applicable,0,0,724,0.0,0.0,0,
724,0.0,0.5,0.994475138121547,0.4986149584487535,0.0,0.0,0.0,,,0.0055248618784530384,720,4,0,0,5,all_sessions,engineering_baseline,S5_REAL_TMS_JULY10,RuleEuclidean,fixed_rule_no_training,not_applicable,0,0,724,0.0,0.0,0,
1732,0.11085450346420324,0.38000000000000006,0.9041570438799076,0.6038470017636685,0.90625,0.15104166666666666,0.25892857142857145,0.9204883658008658,0.6540779203962301,0.08635124423573357,1537,3,163,29,10,all_sessions,full_graph,S1_LOW_SOC_STRESS,LogisticRegression,session:S3_MEDIUM_SOC_WHOLETESTING,platt_sigmoid,3374,1045,1732,0.017634000003454275,0.0012403770156207926,43,command_mismatch_share_10s|command_mismatch_share_30s
1732,0.11085450346420324,0.42000000000000004,0.8891454965357968,0.4706601466992665,0.0,0.0,0.0,0.9761312905844155,0.7244357132104907,0.10853698076205001,1540,0,192,0,10,all_sessions,full_graph,S1_LOW_SOC_STRESS,ExtraTrees,session:S3_MEDIUM_SOC_WHOLETESTING,platt_sigmoid,3374,1045,1732,0.18660104100126773,0.022438726905872078,43,command_mismatch_share_10s|command_mismatch_share_30s
1732,0.11085450346420324,0.36000000000000004,0.8891454965357968,0.4706601466992665,0.0,0.0,0.0,0.9765354437229437,0.7194250415820276,0.09880819011062038,1540,0,192,0,10,all_sessions,full_graph,S1_LOW_SOC_STRESS,RandomForest,session:S3_MEDIUM_SOC_WHOLETESTING,platt_sigmoid,3374,1045,1732,0.3312757499952568,0.022671622403009576,43,command_mismatch_share_10s|command_mismatch_share_30s
1732,0.11085450346420324,0.42000000000000004,0.8891454965357968,0.4706601466992665,0.0,0.0,0.0,0.9745654085497836,0.7448534272545857,0.09023633458001241,1540,0,192,0,10,all_sessions,full_graph,S1_LOW_SOC_STRESS,HistGradientBoosting,session:S3_MEDIUM_SOC_WHOLETESTING,platt_sigmoid,3374,1045,1732,0.37281154200900346,0.004345000580095151,43,command_mismatch_share_10s|command_mismatch_share_30s
248,0.0,0.2,0.9838709677419355,0.4959349593495935,0.0,0.0,0.0,,,0.0034121340094832274,244,4,0,0,10,all_sessions,full_graph,S2_HIGH_SOC_CONTROL,LogisticRegression,session:S4_SAFETY_RICH_NAVEEN12,platt_sigmoid,3356,2547,248,0.016638250002870336,0.007402552411452146,43,command_mismatch_share_10s|command_mismatch_share_30s
248,0.0,0.28,1.0,0.5,0.0,0.0,0.0,,,3.232336069974278e-05,248,0,0,0,10,all_sessions,full_graph,S2_HIGH_SOC_CONTROL,ExtraTrees,session:S4_SAFETY_RICH_NAVEEN12,platt_sigmoid,3356,2547,248,0.1893383749993518,0.15734862098460942,43,command_mismatch_share_10s|command_mismatch_share_30s
248,0.0,0.36000000000000004,1.0,0.5,0.0,0.0,0.0,,,1.5702487689827788e-06,248,0,0,0,10,all_sessions,full_graph,S2_HIGH_SOC_CONTROL,RandomForest,session:S4_SAFETY_RICH_NAVEEN12,platt_sigmoid,3356,2547,248,0.35911674999806564,0.1651162621137994,43,command_mismatch_share_10s|command_mismatch_share_30s
248,0.0,0.38000000000000006,1.0,0.5,0.0,0.0,0.0,,,1.4022836665411866e-05,248,0,0,0,10,all_sessions,full_graph,S2_HIGH_SOC_CONTROL,HistGradientBoosting,session:S4_SAFETY_RICH_NAVEEN12,platt_sigmoid,3356,2547,248,0.4218116659903899,0.02418128221301407,43,command_mismatch_share_10s|command_mismatch_share_30s
1045,0.031578947368421054,0.22000000000000003,0.8956937799043062,0.585512119326514,0.14814814814814814,0.48484848484848486,0.22695035460992907,0.8169840699484968,0.22278011516818724,0.033327411517507614,920,92,17,16,10,all_sessions,full_graph,S3_MEDIUM_SOC_WHOLETESTING,LogisticRegression,session:S4_SAFETY_RICH_NAVEEN12,platt_sigmoid,2559,2547,1045,0.012689665993093513,0.0018862038366184637,40,current_ma|wheel_mean|wheel_abs_diff|command_mismatch_share_10s|command_mismatch_share_30s
1045,0.031578947368421054,0.32000000000000006,0.8947368421052632,0.5897924517528834,0.15315315315315314,0.5151515151515151,0.2361111111111111,0.9283746556473829,0.5081876777501795,0.041291274394855686,918,94,16,17,10,all_sessions,full_graph,S3_MEDIUM_SOC_WHOLETESTING,ExtraTrees,session:S4_SAFETY_RICH_NAVEEN12,platt_sigmoid,2559,2547,1045,0.1898043340042932,0.03804625166551116,40,current_ma|wheel_mean|wheel_abs_diff|command_mismatch_share_10s|command_mismatch_share_30s
1045,0.031578947368421054,0.32000000000000006,0.9138755980861244,0.6082816873250699,0.1797752808988764,0.48484848484848486,0.26229508196721313,0.9091507965025751,0.4963442130383542,0.040826875113951215,939,73,17,16,10,all_sessions,full_graph,S3_MEDIUM_SOC_WHOLETESTING,RandomForest,session:S4_SAFETY_RICH_NAVEEN12,platt_sigmoid,2559,2547,1045,0.3099435420008376,0.038041347377648374,40,current_ma|wheel_mean|wheel_abs_diff|command_mismatch_share_10s|command_mismatch_share_30s
1045,0.031578947368421054,0.6200000000000001,0.9665071770334929,0.713588773776243,0.4666666666666667,0.42424242424242425,0.4444444444444444,0.8191100730626422,0.44814761918236473,0.035498504281688444,996,16,19,14,10,all_sessions,full_graph,S3_MEDIUM_SOC_WHOLETESTING,HistGradientBoosting,session:S4_SAFETY_RICH_NAVEEN12,platt_sigmoid,2559,2547,1045,0.3388415000081295,0.006235726319730246,40,current_ma|wheel_mean|wheel_abs_diff|command_mismatch_share_10s|command_mismatch_share_30s
2547,0.09108755398508049,0.14,0.9128386336866903,0.7119658903355951,0.526595744680851,0.4267241379310345,0.4714285714285714,0.9389830192894913,0.5559445091635793,0.06472967129254313,2226,89,133,99,10,all_sessions,full_graph,S4_SAFETY_RICH_NAVEEN12,LogisticRegression,session:S3_MEDIUM_SOC_WHOLETESTING,platt_sigmoid,2559,1045,2547,0.012589207995915785,0.0009089289367923671,40,current_ma|wheel_mean|wheel_abs_diff|command_mismatch_share_10s|command_mismatch_share_30s
2547,0.09108755398508049,0.28,0.9246171967020024,0.676110442905511,0.7380952380952381,0.2672413793103448,0.3924050632911392,0.9690604751619871,0.7189499460710947,0.05915362319055314,2293,22,170,62,10,all_sessions,full_graph,S4_SAFETY_RICH_NAVEEN12,ExtraTrees,session:S3_MEDIUM_SOC_WHOLETESTING,platt_sigmoid,2559,1045,2547,0.18969329100218602,0.016202231251419286,40,current_ma|wheel_mean|wheel_abs_diff|command_mismatch_share_10s|command_mismatch_share_30s
2547,0.09108755398508049,0.30000000000000004,0.9312917157440126,0.6967050419533359,0.88,0.28448275862068967,0.42996742671009774,0.9633853429656661,0.7607465335986174,0.05784071126569126,2306,9,166,66,10,all_sessions,full_graph,S4_SAFETY_RICH_NAVEEN12,RandomForest,session:S3_MEDIUM_SOC_WHOLETESTING,platt_sigmoid,2559,1045,2547,0.3234369169949787,0.01645594464187537,40,current_ma|wheel_mean|wheel_abs_diff|command_mismatch_share_10s|command_mismatch_share_30s
2547,0.09108755398508049,0.36000000000000004,0.9383588535531998,0.7374787047218894,0.9310344827586207,0.34913793103448276,0.5078369905956113,0.9426361063528711,0.7782905240720884,0.053788642686472946,2309,6,151,81,10,all_sessions,full_graph,S4_SAFETY_RICH_NAVEEN12,HistGradientBoosting,session:S3_MEDIUM_SOC_WHOLETESTING,platt_sigmoid,2559,1045,2547,0.3484082499926444,0.00310913152697642,40,current_ma|wheel_mean|wheel_abs_diff|command_mismatch_share_10s|command_mismatch_share_30s
579,0.0,0.24000000000000005,0.9740932642487047,0.49343832020997375,0.0,0.0,0.0,,,0.006027880180047488,564,15,0,0,10,all_sessions,full_graph,S5_REAL_TMS_JULY10,LogisticRegression,session:S4_SAFETY_RICH_NAVEEN12,platt_sigmoid,3025,2547,579,0.015521249995799735,0.0032558290260507757,43,command_mismatch_share_10s|command_mismatch_share_30s
579,0.0,0.26,1.0,0.5,0.0,0.0,0.0,,,0.00022264738238266622,579,0,0,0,10,all_sessions,full_graph,S5_REAL_TMS_JULY10,ExtraTrees,session:S4_SAFETY_RICH_NAVEEN12,platt_sigmoid,3025,2547,579,0.19989520900708158,0.06910578583689674,43,command_mismatch_share_10s|command_mismatch_share_30s
579,0.0,0.5200000000000001,1.0,0.5,0.0,0.0,0.0,,,3.764965198949683e-06,579,0,0,0,10,all_sessions,full_graph,S5_REAL_TMS_JULY10,RandomForest,session:S4_SAFETY_RICH_NAVEEN12,platt_sigmoid,3025,2547,579,0.3537948330049403,0.06909837305609343,43,command_mismatch_share_10s|command_mismatch_share_30s
579,0.0,0.18000000000000002,1.0,0.5,0.0,0.0,0.0,,,1.8054543698159147e-05,579,0,0,0,10,all_sessions,full_graph,S5_REAL_TMS_JULY10,HistGradientBoosting,session:S4_SAFETY_RICH_NAVEEN12,platt_sigmoid,3025,2547,579,0.39503429099568166,0.010332542319584232,43,command_mismatch_share_10s|command_mismatch_share_30s
1732,0.11085450346420324,0.5,0.8891454965357968,0.4706601466992665,0.0,0.0,0.0,0.5,0.11085450346420324,0.11085450346420324,1540,0,192,0,10,all_sessions,engineering_baseline,S1_LOW_SOC_STRESS,AlwaysNegative,fixed_rule_no_training,not_applicable,0,0,1732,0.0,0.0,0,
1732,0.11085450346420324,0.5,0.8891454965357968,0.4706601466992665,0.0,0.0,0.0,0.5,0.11085450346420324,0.11085450346420324,1540,0,192,0,10,all_sessions,engineering_baseline,S1_LOW_SOC_STRESS,PersistenceH0,fixed_rule_no_training,not_applicable,0,0,1732,0.0,0.0,0,
248,0.0,0.5,1.0,0.5,0.0,0.0,0.0,,,0.0,248,0,0,0,10,all_sessions,engineering_baseline,S2_HIGH_SOC_CONTROL,AlwaysNegative,fixed_rule_no_training,not_applicable,0,0,248,0.0,0.0,0,
248,0.0,0.5,1.0,0.5,0.0,0.0,0.0,,,0.0,248,0,0,0,10,all_sessions,engineering_baseline,S2_HIGH_SOC_CONTROL,PersistenceH0,fixed_rule_no_training,not_applicable,0,0,248,0.0,0.0,0,
1045,0.031578947368421054,0.5,0.968421052631579,0.4919786096256685,0.0,0.0,0.0,0.5,0.031578947368421054,0.031578947368421054,1012,0,33,0,10,all_sessions,engineering_baseline,S3_MEDIUM_SOC_WHOLETESTING,AlwaysNegative,fixed_rule_no_training,not_applicable,0,0,1045,0.0,0.0,0,
1045,0.031578947368421054,0.5,0.968421052631579,0.4919786096256685,0.0,0.0,0.0,0.5,0.031578947368421054,0.031578947368421054,1012,0,33,0,10,all_sessions,engineering_baseline,S3_MEDIUM_SOC_WHOLETESTING,PersistenceH0,fixed_rule_no_training,not_applicable,0,0,1045,0.0,0.0,0,
2547,0.09108755398508049,0.5,0.9089124460149195,0.4761415055532703,0.0,0.0,0.0,0.5,0.09108755398508049,0.09108755398508049,2315,0,232,0,10,all_sessions,engineering_baseline,S4_SAFETY_RICH_NAVEEN12,AlwaysNegative,fixed_rule_no_training,not_applicable,0,0,2547,0.0,0.0,0,
2547,0.09108755398508049,0.5,0.9089124460149195,0.4761415055532703,0.0,0.0,0.0,0.5,0.09108755398508049,0.09108755398508049,2315,0,232,0,10,all_sessions,engineering_baseline,S4_SAFETY_RICH_NAVEEN12,PersistenceH0,fixed_rule_no_training,not_applicable,0,0,2547,0.0,0.0,0,
579,0.0,0.5,1.0,0.5,0.0,0.0,0.0,,,0.0,579,0,0,0,10,all_sessions,engineering_baseline,S5_REAL_TMS_JULY10,AlwaysNegative,fixed_rule_no_training,not_applicable,0,0,579,0.0,0.0,0,
579,0.0,0.5,1.0,0.5,0.0,0.0,0.0,,,0.0,579,0,0,0,10,all_sessions,engineering_baseline,S5_REAL_TMS_JULY10,PersistenceH0,fixed_rule_no_training,not_applicable,0,0,579,0.0,0.0,0,
1189,0.2926829268292683,0.24000000000000005,0.7830109335576114,0.7247566648003789,0.6530612244897959,0.5517241379310345,0.5981308411214953,0.7677163201989968,0.5923240673308641,0.1707848414314634,739,102,156,192,20,all_sessions,full_graph,S1_LOW_SOC_STRESS,LogisticRegression,session:S4_SAFETY_RICH_NAVEEN12,platt_sigmoid,1305,2150,1189,0.009434332998353057,0.0016803330519762206,43,command_mismatch_share_10s|command_mismatch_share_30s
1189,0.2926829268292683,0.32000000000000006,0.832632464255677,0.7728434814582271,0.8225108225108225,0.5459770114942529,0.6563039723661486,0.8021888282969097,0.6483573402117887,0.16868638847719059,800,41,158,190,20,all_sessions,full_graph,S1_LOW_SOC_STRESS,ExtraTrees,session:S4_SAFETY_RICH_NAVEEN12,platt_sigmoid,1305,2150,1189,0.16530629100452643,0.034690285953841916,43,command_mismatch_share_10s|command_mismatch_share_30s
1189,0.2926829268292683,0.32000000000000006,0.8267451640033642,0.7551326039317305,0.8585858585858586,0.4885057471264368,0.6227106227106227,0.8358686293000943,0.6973303286871742,0.16737833682568987,813,28,178,170,20,all_sessions,full_graph,S1_LOW_SOC_STRESS,RandomForest,session:S4_SAFETY_RICH_NAVEEN12,platt_sigmoid,1305,2150,1189,0.28305250000266824,0.03351307064762826,43,command_mismatch_share_10s|command_mismatch_share_30s
1189,0.2926829268292683,0.28,0.8074011774600505,0.7223766947368206,0.825136612021858,0.4339080459770115,0.568738229755179,0.7832253611600858,0.6503345296400982,0.16994477734898467,809,32,197,151,20,all_sessions,full_graph,S1_LOW_SOC_STRESS,HistGradientBoosting,session:S4_SAFETY_RICH_NAVEEN12,platt_sigmoid,1305,2150,1189,0.2345436249888735,0.006090201851340047,43,command_mismatch_share_10s|command_mismatch_share_30s
93,0.0,0.26,0.6129032258064516,0.38,0.0,0.0,0.0,,,0.061346795128391224,57,36,0,0,20,all_sessions,full_graph,S2_HIGH_SOC_CONTROL,LogisticRegression,session:S4_SAFETY_RICH_NAVEEN12,platt_sigmoid,2401,2150,93,0.013878666999517009,0.018337365491465935,43,command_mismatch_share_10s|command_mismatch_share_30s
93,0.0,0.4000000000000001,1.0,0.5,0.0,0.0,0.0,,,0.009669419718929638,93,0,0,0,20,all_sessions,full_graph,S2_HIGH_SOC_CONTROL,ExtraTrees,session:S4_SAFETY_RICH_NAVEEN12,platt_sigmoid,2401,2150,93,0.19918525000684895,0.4426706989135553,43,command_mismatch_share_10s|command_mismatch_share_30s
93,0.0,0.44000000000000006,1.0,0.5,0.0,0.0,0.0,,,0.005475115638211532,93,0,0,0,20,all_sessions,full_graph,S2_HIGH_SOC_CONTROL,RandomForest,session:S4_SAFETY_RICH_NAVEEN12,platt_sigmoid,2401,2150,93,0.33687970900791697,0.4203306451272119,43,command_mismatch_share_10s|command_mismatch_share_30s
93,0.0,0.4600000000000001,1.0,0.5,0.0,0.0,0.0,,,0.007387403328897044,93,0,0,0,20,all_sessions,full_graph,S2_HIGH_SOC_CONTROL,HistGradientBoosting,session:S4_SAFETY_RICH_NAVEEN12,platt_sigmoid,2401,2150,93,0.4211265839985572,0.15992831181539524,43,command_mismatch_share_10s|command_mismatch_share_30s
844,0.0509478672985782,0.28,0.7819905213270142,0.5651433691756272,0.15609756097560976,0.7441860465116279,0.25806451612903225,0.8739076154806492,0.1988782385045523,0.0803366607680221,628,173,11,32,20,all_sessions,full_graph,S3_MEDIUM_SOC_WHOLETESTING,LogisticRegression,session:S4_SAFETY_RICH_NAVEEN12,platt_sigmoid,1650,2150,844,0.010778958996525034,0.0023241018985676186,40,current_ma|wheel_mean|wheel_abs_diff|command_mismatch_share_10s|command_mismatch_share_30s
844,0.0509478672985782,0.22000000000000003,0.7665876777251185,0.5818367013316902,0.17916666666666667,1.0,0.303886925795053,0.9109833638184827,0.2381525196001427,0.07387845269018958,604,197,0,43,20,all_sessions,full_graph,S3_MEDIUM_SOC_WHOLETESTING,ExtraTrees,session:S4_SAFETY_RICH_NAVEEN12,platt_sigmoid,1650,2150,844,0.19002695901144762,0.05062820852079795,40,current_ma|wheel_mean|wheel_abs_diff|command_mismatch_share_10s|command_mismatch_share_30s
844,0.0509478672985782,0.38000000000000006,0.8364928909952607,0.6052064266829368,0.1935483870967742,0.6976744186046512,0.30303030303030304,0.9046540661382574,0.29027285860573165,0.07950229665275546,676,125,13,30,20,all_sessions,full_graph,S3_MEDIUM_SOC_WHOLETESTING,RandomForest,session:S4_SAFETY_RICH_NAVEEN12,platt_sigmoid,1650,2150,844,0.31320379200042225,0.0500479857808352,40,current_ma|wheel_mean|wheel_abs_diff|command_mismatch_share_10s|command_mismatch_share_30s
844,0.0509478672985782,0.36000000000000004,0.8518957345971564,0.643955168724752,0.23717948717948717,0.8604651162790697,0.37185929648241206,0.9239613274105043,0.4389743332820153,0.07156486727825274,682,119,6,37,20,all_sessions,full_graph,S3_MEDIUM_SOC_WHOLETESTING,HistGradientBoosting,session:S4_SAFETY_RICH_NAVEEN12,platt_sigmoid,1650,2150,844,0.40821033300017007,0.007339554501038654,40,current_ma|wheel_mean|wheel_abs_diff|command_mismatch_share_10s|command_mismatch_share_30s
2150,0.1972093023255814,0.1,0.7911627906976744,0.6016236307940167,0.448559670781893,0.25707547169811323,0.3268365817091454,0.7425952141498503,0.37415081982479037,0.1749504465266037,1592,134,315,109,20,all_sessions,full_graph,S4_SAFETY_RICH_NAVEEN12,LogisticRegression,session:S3_MEDIUM_SOC_WHOLETESTING,platt_sigmoid,1650,844,2150,0.010692291994928382,0.00103494186268383,40,current_ma|wheel_mean|wheel_abs_diff|command_mismatch_share_10s|command_mismatch_share_30s
2150,0.1972093023255814,0.24000000000000005,0.8195348837209302,0.6324047830562488,0.59375,0.2688679245283019,0.37012987012987014,0.8352657196265768,0.5554145676606135,0.14941969169921746,1648,78,310,114,20,all_sessions,full_graph,S4_SAFETY_RICH_NAVEEN12,ExtraTrees,session:S3_MEDIUM_SOC_WHOLETESTING,platt_sigmoid,1650,844,2150,0.1914005839935271,0.018955465117848458,40,current_ma|wheel_mean|wheel_abs_diff|command_mismatch_share_10s|command_mismatch_share_30s
2150,0.1972093023255814,0.26,0.8186046511627907,0.6008579768426223,0.6231884057971014,0.2028301886792453,0.30604982206405695,0.8247713931218434,0.5598825998898505,0.1506790326427054,1674,52,338,86,20,all_sessions,full_graph,S4_SAFETY_RICH_NAVEEN12,RandomForest,session:S3_MEDIUM_SOC_WHOLETESTING,platt_sigmoid,1650,844,2150,0.29716545800329186,0.01983798465009259,40,current_ma|wheel_mean|wheel_abs_diff|command_mismatch_share_10s|command_mismatch_share_30s
2150,0.1972093023255814,0.28,0.8418604651162791,0.6353343549957697,0.8888888888888888,0.22641509433962265,0.3609022556390977,0.8185116913356216,0.6170362985348423,0.14896825226252083,1714,12,328,96,20,all_sessions,full_graph,S4_SAFETY_RICH_NAVEEN12,HistGradientBoosting,session:S3_MEDIUM_SOC_WHOLETESTING,platt_sigmoid,1650,844,2150,0.40275558400026057,0.0038766669756516293,40,current_ma|wheel_mean|wheel_abs_diff|command_mismatch_share_10s|command_mismatch_share_30s
368,0.0,0.28,0.328804347826087,0.2474437627811861,0.0,0.0,0.0,,,0.12065912556526119,121,247,0,0,20,all_sessions,full_graph,S5_REAL_TMS_JULY10,LogisticRegression,session:S4_SAFETY_RICH_NAVEEN12,platt_sigmoid,2126,2150,368,0.013074041009531356,0.0050991847788479745,43,command_mismatch_share_10s|command_mismatch_share_30s
368,0.0,0.36000000000000004,0.7228260869565217,0.4195583596214511,0.0,0.0,0.0,,,0.09701631215328055,266,102,0,0,20,all_sessions,full_graph,S5_REAL_TMS_JULY10,ExtraTrees,session:S4_SAFETY_RICH_NAVEEN12,platt_sigmoid,2126,2150,368,0.19036320799204987,0.1101467391297616,43,command_mismatch_share_10s|command_mismatch_share_30s
368,0.0,0.5200000000000001,1.0,0.5,0.0,0.0,0.0,,,0.008477455418656177,368,0,0,0,20,all_sessions,full_graph,S5_REAL_TMS_JULY10,RandomForest,session:S4_SAFETY_RICH_NAVEEN12,platt_sigmoid,2126,2150,368,0.34009566699387506,0.11453996739874128,43,command_mismatch_share_10s|command_mismatch_share_30s
368,0.0,0.26,1.0,0.5,0.0,0.0,0.0,,,0.005376562526181113,368,0,0,0,20,all_sessions,full_graph,S5_REAL_TMS_JULY10,HistGradientBoosting,session:S4_SAFETY_RICH_NAVEEN12,platt_sigmoid,2126,2150,368,0.40154733299277723,0.016562728255255777,43,command_mismatch_share_10s|command_mismatch_share_30s
1189,0.2926829268292683,0.5,0.7073170731707317,0.4142857142857143,0.0,0.0,0.0,0.5,0.2926829268292683,0.2926829268292683,841,0,348,0,20,all_sessions,engineering_baseline,S1_LOW_SOC_STRESS,AlwaysNegative,fixed_rule_no_training,not_applicable,0,0,1189,0.0,0.0,0,
1189,0.2926829268292683,0.5,0.7073170731707317,0.4142857142857143,0.0,0.0,0.0,0.5,0.2926829268292683,0.2926829268292683,841,0,348,0,20,all_sessions,engineering_baseline,S1_LOW_SOC_STRESS,PersistenceH0,fixed_rule_no_training,not_applicable,0,0,1189,0.0,0.0,0,
93,0.0,0.5,1.0,0.5,0.0,0.0,0.0,,,0.0,93,0,0,0,20,all_sessions,engineering_baseline,S2_HIGH_SOC_CONTROL,AlwaysNegative,fixed_rule_no_training,not_applicable,0,0,93,0.0,0.0,0,
93,0.0,0.5,1.0,0.5,0.0,0.0,0.0,,,0.0,93,0,0,0,20,all_sessions,engineering_baseline,S2_HIGH_SOC_CONTROL,PersistenceH0,fixed_rule_no_training,not_applicable,0,0,93,0.0,0.0,0,
844,0.0509478672985782,0.5,0.9490521327014217,0.4869300911854103,0.0,0.0,0.0,0.5,0.0509478672985782,0.0509478672985782,801,0,43,0,20,all_sessions,engineering_baseline,S3_MEDIUM_SOC_WHOLETESTING,AlwaysNegative,fixed_rule_no_training,not_applicable,0,0,844,0.0,0.0,0,
844,0.0509478672985782,0.5,0.9490521327014217,0.4869300911854103,0.0,0.0,0.0,0.5,0.0509478672985782,0.0509478672985782,801,0,43,0,20,all_sessions,engineering_baseline,S3_MEDIUM_SOC_WHOLETESTING,PersistenceH0,fixed_rule_no_training,not_applicable,0,0,844,0.0,0.0,0,
2150,0.1972093023255814,0.5,0.8027906976744186,0.4453044375644995,0.0,0.0,0.0,0.5,0.1972093023255814,0.1972093023255814,1726,0,424,0,20,all_sessions,engineering_baseline,S4_SAFETY_RICH_NAVEEN12,AlwaysNegative,fixed_rule_no_training,not_applicable,0,0,2150,0.0,0.0,0,
2150,0.1972093023255814,0.5,0.8027906976744186,0.4453044375644995,0.0,0.0,0.0,0.5,0.1972093023255814,0.1972093023255814,1726,0,424,0,20,all_sessions,engineering_baseline,S4_SAFETY_RICH_NAVEEN12,PersistenceH0,fixed_rule_no_training,not_applicable,0,0,2150,0.0,0.0,0,
368,0.0,0.5,1.0,0.5,0.0,0.0,0.0,,,0.0,368,0,0,0,20,all_sessions,engineering_baseline,S5_REAL_TMS_JULY10,AlwaysNegative,fixed_rule_no_training,not_applicable,0,0,368,0.0,0.0,0,
368,0.0,0.5,1.0,0.5,0.0,0.0,0.0,,,0.0,368,0,0,0,20,all_sessions,engineering_baseline,S5_REAL_TMS_JULY10,PersistenceH0,fixed_rule_no_training,not_applicable,0,0,368,0.0,0.0,0,
