alert_episodes,false_alert_episodes,false_alerts_per_hour,events,warned_events,event_recall,median_lead_s,pct_events_lead_ge_2s,pct_events_lead_ge_5s,horizon_s,variant,feature_set,test_session,model,threshold
37,30,26.66008392989385,25,10,0.4,1.0,0.0,0.0,0,all_sessions,full_graph,S1_LOW_SOC_STRESS,LogisticRegression,0.4000000000000001
33,30,26.66008392989385,25,3,0.12,1.0,0.0,0.0,0,all_sessions,full_graph,S1_LOW_SOC_STRESS,ExtraTrees,0.42000000000000004
40,32,28.437422858553443,25,9,0.36,0.0,0.0,0.0,0,all_sessions,full_graph,S1_LOW_SOC_STRESS,RandomForest,0.4600000000000001
42,32,28.437422858553443,25,12,0.48,0.5,0.0,0.0,0,all_sessions,full_graph,S1_LOW_SOC_STRESS,HistGradientBoosting,0.54
2,2,13.610586011342155,0,0,,,,,0,all_sessions,full_graph,S2_HIGH_SOC_CONTROL,LogisticRegression,0.42000000000000004
0,0,0.0,0,0,,,,,0,all_sessions,full_graph,S2_HIGH_SOC_CONTROL,ExtraTrees,0.4600000000000001
0,0,0.0,0,0,,,,,0,all_sessions,full_graph,S2_HIGH_SOC_CONTROL,RandomForest,0.3400000000000001
0,0,0.0,0,0,,,,,0,all_sessions,full_graph,S2_HIGH_SOC_CONTROL,HistGradientBoosting,0.28
12,11,26.595030221625255,10,3,0.3,1.0,0.0,0.0,0,all_sessions,full_graph,S3_MEDIUM_SOC_WHOLETESTING,LogisticRegression,0.32000000000000006
14,12,29.012760241773,10,4,0.4,0.5,0.0,0.0,0,all_sessions,full_graph,S3_MEDIUM_SOC_WHOLETESTING,ExtraTrees,0.3400000000000001
17,16,38.683680322364005,10,3,0.3,1.0,0.0,0.0,0,all_sessions,full_graph,S3_MEDIUM_SOC_WHOLETESTING,RandomForest,0.3400000000000001
4,4,9.670920080591001,10,2,0.2,1.0,0.0,0.0,0,all_sessions,full_graph,S3_MEDIUM_SOC_WHOLETESTING,HistGradientBoosting,0.32000000000000006
8,8,7.860262008733625,32,2,0.0625,1.0,0.0,0.0,0,all_sessions,full_graph,S4_SAFETY_RICH_NAVEEN12,LogisticRegression,0.7000000000000002
18,7,6.8777292576419224,32,14,0.4375,0.5,0.0,0.0,0,all_sessions,full_graph,S4_SAFETY_RICH_NAVEEN12,ExtraTrees,0.5000000000000001
12,12,11.790393013100438,32,3,0.09375,1.0,0.0,0.0,0,all_sessions,full_graph,S4_SAFETY_RICH_NAVEEN12,RandomForest,0.4800000000000001
14,10,9.825327510917031,32,7,0.21875,0.0,0.0,0.0,0,all_sessions,full_graph,S4_SAFETY_RICH_NAVEEN12,HistGradientBoosting,0.4600000000000001
13,13,53.54691075514874,0,0,,,,,0,all_sessions,full_graph,S5_REAL_TMS_JULY10,LogisticRegression,0.3400000000000001
0,0,0.0,0,0,,,,,0,all_sessions,full_graph,S5_REAL_TMS_JULY10,ExtraTrees,0.4600000000000001
0,0,0.0,0,0,,,,,0,all_sessions,full_graph,S5_REAL_TMS_JULY10,RandomForest,0.42000000000000004
0,0,0.0,0,0,,,,,0,all_sessions,full_graph,S5_REAL_TMS_JULY10,HistGradientBoosting,0.30000000000000004
0,0,0.0,25,0,0.0,,,,0,all_sessions,engineering_baseline,S1_LOW_SOC_STRESS,AlwaysNegative,0.5
0,0,0.0,0,0,,,,,0,all_sessions,engineering_baseline,S2_HIGH_SOC_CONTROL,AlwaysNegative,0.5
0,0,0.0,10,0,0.0,,,,0,all_sessions,engineering_baseline,S3_MEDIUM_SOC_WHOLETESTING,AlwaysNegative,0.5
0,0,0.0,32,0,0.0,,,,0,all_sessions,engineering_baseline,S4_SAFETY_RICH_NAVEEN12,AlwaysNegative,0.5
0,0,0.0,0,0,,,,,0,all_sessions,engineering_baseline,S5_REAL_TMS_JULY10,AlwaysNegative,0.5
18,8,13.40782122905028,25,9,0.36,2.0,0.5555555555555556,0.1111111111111111,5,all_sessions,full_graph,S1_LOW_SOC_STRESS,LogisticRegression,0.32000000000000006
0,0,0.0,25,0,0.0,,,,5,all_sessions,full_graph,S1_LOW_SOC_STRESS,ExtraTrees,0.36000000000000004
33,11,18.435754189944134,25,21,0.84,2.0,0.5714285714285714,0.09523809523809523,5,all_sessions,full_graph,S1_LOW_SOC_STRESS,RandomForest,0.22000000000000003
34,11,18.435754189944134,25,22,0.88,2.5,0.6363636363636364,0.09090909090909091,5,all_sessions,full_graph,S1_LOW_SOC_STRESS,HistGradientBoosting,0.16000000000000003
0,0,0.0,0,0,,,,,5,all_sessions,full_graph,S2_HIGH_SOC_CONTROL,LogisticRegression,0.1
0,0,0.0,0,0,,,,,5,all_sessions,full_graph,S2_HIGH_SOC_CONTROL,ExtraTrees,0.26
0,0,0.0,0,0,,,,,5,all_sessions,full_graph,S2_HIGH_SOC_CONTROL,RandomForest,0.32000000000000006
0,0,0.0,0,0,,,,,5,all_sessions,full_graph,S2_HIGH_SOC_CONTROL,HistGradientBoosting,0.2
5,4,12.424503882657465,10,2,0.2,5.0,1.0,1.0,5,all_sessions,full_graph,S3_MEDIUM_SOC_WHOLETESTING,LogisticRegression,0.26
3,2,6.2122519413287325,10,2,0.2,4.5,1.0,0.5,5,all_sessions,full_graph,S3_MEDIUM_SOC_WHOLETESTING,ExtraTrees,0.42000000000000004
3,2,6.2122519413287325,10,2,0.2,4.0,1.0,0.5,5,all_sessions,full_graph,S3_MEDIUM_SOC_WHOLETESTING,RandomForest,0.4800000000000001
6,4,12.424503882657465,10,2,0.2,4.0,1.0,0.5,5,all_sessions,full_graph,S3_MEDIUM_SOC_WHOLETESTING,HistGradientBoosting,0.26
15,7,9.045226130653267,32,13,0.40625,4.0,0.8461538461538461,0.46153846153846156,5,all_sessions,full_graph,S4_SAFETY_RICH_NAVEEN12,LogisticRegression,0.16000000000000003
21,5,6.460875807609476,32,19,0.59375,4.0,0.8947368421052632,0.3684210526315789,5,all_sessions,full_graph,S4_SAFETY_RICH_NAVEEN12,ExtraTrees,0.22000000000000003
14,1,1.2921751615218953,32,13,0.40625,3.0,0.7692307692307693,0.15384615384615385,5,all_sessions,full_graph,S4_SAFETY_RICH_NAVEEN12,RandomForest,0.36000000000000004
21,6,7.753050969131372,32,17,0.53125,3.0,0.7647058823529411,0.17647058823529413,5,all_sessions,full_graph,S4_SAFETY_RICH_NAVEEN12,HistGradientBoosting,0.2
0,0,0.0,0,0,,,,,5,all_sessions,full_graph,S5_REAL_TMS_JULY10,LogisticRegression,0.1
0,0,0.0,0,0,,,,,5,all_sessions,full_graph,S5_REAL_TMS_JULY10,ExtraTrees,0.28
0,0,0.0,0,0,,,,,5,all_sessions,full_graph,S5_REAL_TMS_JULY10,RandomForest,0.28
0,0,0.0,0,0,,,,,5,all_sessions,full_graph,S5_REAL_TMS_JULY10,HistGradientBoosting,0.26
26,8,13.40782122905028,25,16,0.64,2.5,0.625,0.0625,5,all_sessions,full_graph_no_soc,S1_LOW_SOC_STRESS,LogisticRegression,0.30000000000000004
0,0,0.0,25,0,0.0,,,,5,all_sessions,full_graph_no_soc,S1_LOW_SOC_STRESS,ExtraTrees,0.30000000000000004
29,8,13.40782122905028,25,20,0.8,2.0,0.6,0.1,5,all_sessions,full_graph_no_soc,S1_LOW_SOC_STRESS,RandomForest,0.24000000000000005
34,11,18.435754189944134,25,22,0.88,2.5,0.6363636363636364,0.09090909090909091,5,all_sessions,full_graph_no_soc,S1_LOW_SOC_STRESS,HistGradientBoosting,0.2
0,0,0.0,0,0,,,,,5,all_sessions,full_graph_no_soc,S2_HIGH_SOC_CONTROL,LogisticRegression,0.1
0,0,0.0,0,0,,,,,5,all_sessions,full_graph_no_soc,S2_HIGH_SOC_CONTROL,ExtraTrees,0.32000000000000006
0,0,0.0,0,0,,,,,5,all_sessions,full_graph_no_soc,S2_HIGH_SOC_CONTROL,RandomForest,0.22000000000000003
0,0,0.0,0,0,,,,,5,all_sessions,full_graph_no_soc,S2_HIGH_SOC_CONTROL,HistGradientBoosting,0.32000000000000006
6,5,15.53062985332183,10,2,0.2,5.0,1.0,1.0,5,all_sessions,full_graph_no_soc,S3_MEDIUM_SOC_WHOLETESTING,LogisticRegression,0.26
3,2,6.2122519413287325,10,2,0.2,4.5,1.0,0.5,5,all_sessions,full_graph_no_soc,S3_MEDIUM_SOC_WHOLETESTING,ExtraTrees,0.42000000000000004
3,2,6.2122519413287325,10,2,0.2,4.0,1.0,0.5,5,all_sessions,full_graph_no_soc,S3_MEDIUM_SOC_WHOLETESTING,RandomForest,0.54
11,9,27.955133735979295,10,2,0.2,4.0,1.0,0.5,5,all_sessions,full_graph_no_soc,S3_MEDIUM_SOC_WHOLETESTING,HistGradientBoosting,0.14
12,5,6.460875807609476,32,10,0.3125,5.0,0.8,0.6,5,all_sessions,full_graph_no_soc,S4_SAFETY_RICH_NAVEEN12,LogisticRegression,0.18000000000000002
23,7,9.045226130653267,32,20,0.625,5.0,0.9,0.6,5,all_sessions,full_graph_no_soc,S4_SAFETY_RICH_NAVEEN12,ExtraTrees,0.24000000000000005
27,5,6.460875807609476,32,23,0.71875,3.0,0.8695652173913043,0.30434782608695654,5,all_sessions,full_graph_no_soc,S4_SAFETY_RICH_NAVEEN12,RandomForest,0.26
23,8,10.337401292175162,32,18,0.5625,3.0,0.9444444444444444,0.16666666666666666,5,all_sessions,full_graph_no_soc,S4_SAFETY_RICH_NAVEEN12,HistGradientBoosting,0.18000000000000002
0,0,0.0,0,0,,,,,5,all_sessions,full_graph_no_soc,S5_REAL_TMS_JULY10,LogisticRegression,0.1
0,0,0.0,0,0,,,,,5,all_sessions,full_graph_no_soc,S5_REAL_TMS_JULY10,ExtraTrees,0.26
0,0,0.0,0,0,,,,,5,all_sessions,full_graph_no_soc,S5_REAL_TMS_JULY10,RandomForest,0.22000000000000003
0,0,0.0,0,0,,,,,5,all_sessions,full_graph_no_soc,S5_REAL_TMS_JULY10,HistGradientBoosting,0.26
20,9,15.083798882681563,25,11,0.44,2.0,0.5454545454545454,0.18181818181818182,5,all_sessions,no_graph,S1_LOW_SOC_STRESS,LogisticRegression,0.14
0,0,0.0,25,0,0.0,,,,5,all_sessions,no_graph,S1_LOW_SOC_STRESS,ExtraTrees,0.16000000000000003
35,15,25.139664804469273,25,20,0.8,2.0,0.55,0.1,5,all_sessions,no_graph,S1_LOW_SOC_STRESS,RandomForest,0.14
32,12,20.11173184357542,25,20,0.8,2.0,0.7,0.1,5,all_sessions,no_graph,S1_LOW_SOC_STRESS,HistGradientBoosting,0.14
0,0,0.0,0,0,,,,,5,all_sessions,no_graph,S2_HIGH_SOC_CONTROL,LogisticRegression,0.22000000000000003
0,0,0.0,0,0,,,,,5,all_sessions,no_graph,S2_HIGH_SOC_CONTROL,ExtraTrees,0.24000000000000005
0,0,0.0,0,0,,,,,5,all_sessions,no_graph,S2_HIGH_SOC_CONTROL,RandomForest,0.26
0,0,0.0,0,0,,,,,5,all_sessions,no_graph,S2_HIGH_SOC_CONTROL,HistGradientBoosting,0.24000000000000005
4,3,9.318377911993098,10,2,0.2,4.5,1.0,0.5,5,all_sessions,no_graph,S3_MEDIUM_SOC_WHOLETESTING,LogisticRegression,0.30000000000000004
4,3,9.318377911993098,10,2,0.2,4.0,1.0,0.5,5,all_sessions,no_graph,S3_MEDIUM_SOC_WHOLETESTING,ExtraTrees,0.32000000000000006
8,7,21.74288179465056,10,2,0.2,5.0,1.0,1.0,5,all_sessions,no_graph,S3_MEDIUM_SOC_WHOLETESTING,RandomForest,0.22000000000000003
8,7,21.74288179465056,10,2,0.2,4.0,1.0,0.5,5,all_sessions,no_graph,S3_MEDIUM_SOC_WHOLETESTING,HistGradientBoosting,0.14
22,8,10.337401292175162,32,21,0.65625,4.0,0.9047619047619048,0.47619047619047616,5,all_sessions,no_graph,S4_SAFETY_RICH_NAVEEN12,LogisticRegression,0.16000000000000003
6,2,2.5843503230437905,32,6,0.1875,3.0,0.6666666666666666,0.3333333333333333,5,all_sessions,no_graph,S4_SAFETY_RICH_NAVEEN12,ExtraTrees,0.2
10,2,2.5843503230437905,32,10,0.3125,3.5,0.8,0.2,5,all_sessions,no_graph,S4_SAFETY_RICH_NAVEEN12,RandomForest,0.18000000000000002
6,1,1.2921751615218953,32,6,0.1875,3.0,0.8333333333333334,0.16666666666666666,5,all_sessions,no_graph,S4_SAFETY_RICH_NAVEEN12,HistGradientBoosting,0.30000000000000004
0,0,0.0,0,0,,,,,5,all_sessions,no_graph,S5_REAL_TMS_JULY10,LogisticRegression,0.22000000000000003
0,0,0.0,0,0,,,,,5,all_sessions,no_graph,S5_REAL_TMS_JULY10,ExtraTrees,0.22000000000000003
0,0,0.0,0,0,,,,,5,all_sessions,no_graph,S5_REAL_TMS_JULY10,RandomForest,0.38000000000000006
0,0,0.0,0,0,,,,,5,all_sessions,no_graph,S5_REAL_TMS_JULY10,HistGradientBoosting,0.24000000000000005
28,7,11.731843575418994,25,19,0.76,2.0,0.5263157894736842,0.05263157894736842,5,all_sessions,euclidean_only,S1_LOW_SOC_STRESS,LogisticRegression,0.14
0,0,0.0,25,0,0.0,,,,5,all_sessions,euclidean_only,S1_LOW_SOC_STRESS,ExtraTrees,0.32000000000000006
4,0,0.0,25,4,0.16,1.0,0.25,0.25,5,all_sessions,euclidean_only,S1_LOW_SOC_STRESS,RandomForest,0.4000000000000001
25,7,11.731843575418994,25,18,0.72,2.0,0.6111111111111112,0.1111111111111111,5,all_sessions,euclidean_only,S1_LOW_SOC_STRESS,HistGradientBoosting,0.26
0,0,0.0,0,0,,,,,5,all_sessions,euclidean_only,S2_HIGH_SOC_CONTROL,LogisticRegression,0.24000000000000005
0,0,0.0,0,0,,,,,5,all_sessions,euclidean_only,S2_HIGH_SOC_CONTROL,ExtraTrees,0.26
0,0,0.0,0,0,,,,,5,all_sessions,euclidean_only,S2_HIGH_SOC_CONTROL,RandomForest,0.32000000000000006
0,0,0.0,0,0,,,,,5,all_sessions,euclidean_only,S2_HIGH_SOC_CONTROL,HistGradientBoosting,0.6200000000000001
6,5,15.53062985332183,10,2,0.2,5.0,1.0,1.0,5,all_sessions,euclidean_only,S3_MEDIUM_SOC_WHOLETESTING,LogisticRegression,0.24000000000000005
4,4,12.424503882657465,10,1,0.1,5.0,1.0,1.0,5,all_sessions,euclidean_only,S3_MEDIUM_SOC_WHOLETESTING,ExtraTrees,0.4800000000000001
9,8,24.84900776531493,10,2,0.2,5.0,1.0,1.0,5,all_sessions,euclidean_only,S3_MEDIUM_SOC_WHOLETESTING,RandomForest,0.30000000000000004
10,9,27.955133735979295,10,2,0.2,4.0,1.0,0.5,5,all_sessions,euclidean_only,S3_MEDIUM_SOC_WHOLETESTING,HistGradientBoosting,0.12000000000000001
25,12,15.506101938262743,32,21,0.65625,4.0,0.8571428571428571,0.47619047619047616,5,all_sessions,euclidean_only,S4_SAFETY_RICH_NAVEEN12,LogisticRegression,0.16000000000000003
22,6,7.753050969131372,32,21,0.65625,5.0,0.9047619047619048,0.7142857142857143,5,all_sessions,euclidean_only,S4_SAFETY_RICH_NAVEEN12,ExtraTrees,0.18000000000000002
15,4,5.168700646087581,32,12,0.375,4.0,0.8333333333333334,0.16666666666666666,5,all_sessions,euclidean_only,S4_SAFETY_RICH_NAVEEN12,RandomForest,0.30000000000000004
11,2,2.5843503230437905,32,10,0.3125,3.0,0.9,0.2,5,all_sessions,euclidean_only,S4_SAFETY_RICH_NAVEEN12,HistGradientBoosting,0.28
0,0,0.0,0,0,,,,,5,all_sessions,euclidean_only,S5_REAL_TMS_JULY10,LogisticRegression,0.24000000000000005
0,0,0.0,0,0,,,,,5,all_sessions,euclidean_only,S5_REAL_TMS_JULY10,ExtraTrees,0.28
0,0,0.0,0,0,,,,,5,all_sessions,euclidean_only,S5_REAL_TMS_JULY10,RandomForest,0.5200000000000001
0,0,0.0,0,0,,,,,5,all_sessions,euclidean_only,S5_REAL_TMS_JULY10,HistGradientBoosting,0.5000000000000001
27,13,21.787709497206702,25,15,0.6,3.0,0.7333333333333333,0.2,5,annotated_sessions,full_graph,S1_LOW_SOC_STRESS,LogisticRegression,0.24000000000000005
0,0,0.0,25,0,0.0,,,,5,annotated_sessions,full_graph,S1_LOW_SOC_STRESS,ExtraTrees,0.5800000000000001
34,11,18.435754189944134,25,22,0.88,2.0,0.6818181818181818,0.09090909090909091,5,annotated_sessions,full_graph,S1_LOW_SOC_STRESS,RandomForest,0.32000000000000006
37,14,23.463687150837988,25,22,0.88,3.5,0.7272727272727273,0.18181818181818182,5,annotated_sessions,full_graph,S1_LOW_SOC_STRESS,HistGradientBoosting,0.16000000000000003
0,0,0.0,0,0,,,,,5,annotated_sessions,full_graph,S2_HIGH_SOC_CONTROL,LogisticRegression,0.26
0,0,0.0,0,0,,,,,5,annotated_sessions,full_graph,S2_HIGH_SOC_CONTROL,ExtraTrees,0.42000000000000004
0,0,0.0,0,0,,,,,5,annotated_sessions,full_graph,S2_HIGH_SOC_CONTROL,RandomForest,0.4800000000000001
0,0,0.0,0,0,,,,,5,annotated_sessions,full_graph,S2_HIGH_SOC_CONTROL,HistGradientBoosting,0.4000000000000001
46,39,50.39483129935392,32,18,0.5625,5.0,0.6111111111111112,0.6111111111111112,5,annotated_sessions,full_graph,S4_SAFETY_RICH_NAVEEN12,LogisticRegression,0.4800000000000001
9,2,2.5843503230437905,32,8,0.25,4.0,0.75,0.125,5,annotated_sessions,full_graph,S4_SAFETY_RICH_NAVEEN12,ExtraTrees,0.44000000000000006
28,6,7.753050969131372,32,23,0.71875,3.0,0.8695652173913043,0.43478260869565216,5,annotated_sessions,full_graph,S4_SAFETY_RICH_NAVEEN12,RandomForest,0.32000000000000006
30,9,11.629576453697057,32,23,0.71875,3.0,0.782608695652174,0.34782608695652173,5,annotated_sessions,full_graph,S4_SAFETY_RICH_NAVEEN12,HistGradientBoosting,0.1
0,0,0.0,0,0,,,,,5,annotated_sessions,full_graph,S5_REAL_TMS_JULY10,LogisticRegression,0.24000000000000005
0,0,0.0,0,0,,,,,5,annotated_sessions,full_graph,S5_REAL_TMS_JULY10,ExtraTrees,0.4000000000000001
0,0,0.0,0,0,,,,,5,annotated_sessions,full_graph,S5_REAL_TMS_JULY10,RandomForest,0.54
0,0,0.0,0,0,,,,,5,annotated_sessions,full_graph,S5_REAL_TMS_JULY10,HistGradientBoosting,0.30000000000000004
0,0,0.0,0,0,,,,,5,recorded_route_only,full_graph,S2_HIGH_SOC_CONTROL,LogisticRegression,0.5000000000000001
0,0,0.0,0,0,,,,,5,recorded_route_only,full_graph,S2_HIGH_SOC_CONTROL,ExtraTrees,0.5200000000000001
0,0,0.0,0,0,,,,,5,recorded_route_only,full_graph,S2_HIGH_SOC_CONTROL,RandomForest,0.30000000000000004
0,0,0.0,0,0,,,,,5,recorded_route_only,full_graph,S2_HIGH_SOC_CONTROL,HistGradientBoosting,0.3400000000000001
0,0,0.0,0,0,,,,,5,recorded_route_only,full_graph,S5_REAL_TMS_JULY10,LogisticRegression,0.4800000000000001
0,0,0.0,0,0,,,,,5,recorded_route_only,full_graph,S5_REAL_TMS_JULY10,ExtraTrees,0.4600000000000001
0,0,0.0,0,0,,,,,5,recorded_route_only,full_graph,S5_REAL_TMS_JULY10,RandomForest,0.30000000000000004
0,0,0.0,0,0,,,,,5,recorded_route_only,full_graph,S5_REAL_TMS_JULY10,HistGradientBoosting,0.30000000000000004
0,0,0.0,25,0,0.0,,,,5,all_sessions,engineering_baseline,S1_LOW_SOC_STRESS,AlwaysNegative,0.5
0,0,0.0,25,0,0.0,,,,5,all_sessions,engineering_baseline,S1_LOW_SOC_STRESS,PersistenceH0,0.5
41,23,38.547486033519554,25,18,0.72,2.5,0.6111111111111112,0.3333333333333333,5,all_sessions,engineering_baseline,S1_LOW_SOC_STRESS,RuleGraph,0.5
29,13,21.787709497206702,25,16,0.64,1.0,0.25,0.125,5,all_sessions,engineering_baseline,S1_LOW_SOC_STRESS,RuleEuclidean,0.5
0,0,0.0,0,0,,,,,5,all_sessions,engineering_baseline,S2_HIGH_SOC_CONTROL,AlwaysNegative,0.5
0,0,0.0,0,0,,,,,5,all_sessions,engineering_baseline,S2_HIGH_SOC_CONTROL,PersistenceH0,0.5
2,2,18.6046511627907,0,0,,,,,5,all_sessions,engineering_baseline,S2_HIGH_SOC_CONTROL,RuleGraph,0.5
1,1,9.30232558139535,0,0,,,,,5,all_sessions,engineering_baseline,S2_HIGH_SOC_CONTROL,RuleEuclidean,0.5
0,0,0.0,10,0,0.0,,,,5,all_sessions,engineering_baseline,S3_MEDIUM_SOC_WHOLETESTING,AlwaysNegative,0.5
0,0,0.0,10,0,0.0,,,,5,all_sessions,engineering_baseline,S3_MEDIUM_SOC_WHOLETESTING,PersistenceH0,0.5
32,22,68.33477135461605,10,10,1.0,1.0,0.3,0.0,5,all_sessions,engineering_baseline,S3_MEDIUM_SOC_WHOLETESTING,RuleGraph,0.5
32,23,71.44089732528042,10,9,0.9,1.0,0.2222222222222222,0.1111111111111111,5,all_sessions,engineering_baseline,S3_MEDIUM_SOC_WHOLETESTING,RuleEuclidean,0.5
0,0,0.0,32,0,0.0,,,,5,all_sessions,engineering_baseline,S4_SAFETY_RICH_NAVEEN12,AlwaysNegative,0.5
0,0,0.0,32,0,0.0,,,,5,all_sessions,engineering_baseline,S4_SAFETY_RICH_NAVEEN12,PersistenceH0,0.5
54,38,49.10265613783202,32,20,0.625,1.0,0.25,0.25,5,all_sessions,engineering_baseline,S4_SAFETY_RICH_NAVEEN12,RuleGraph,0.5
61,44,56.85570710696339,32,20,0.625,1.0,0.25,0.2,5,all_sessions,engineering_baseline,S4_SAFETY_RICH_NAVEEN12,RuleEuclidean,0.5
0,0,0.0,0,0,,,,,5,all_sessions,engineering_baseline,S5_REAL_TMS_JULY10,AlwaysNegative,0.5
0,0,0.0,0,0,,,,,5,all_sessions,engineering_baseline,S5_REAL_TMS_JULY10,PersistenceH0,0.5
1,1,4.972375690607735,0,0,,,,,5,all_sessions,engineering_baseline,S5_REAL_TMS_JULY10,RuleGraph,0.5
1,1,4.972375690607735,0,0,,,,,5,all_sessions,engineering_baseline,S5_REAL_TMS_JULY10,RuleEuclidean,0.5
4,0,0.0,25,4,0.16,6.0,0.75,0.75,10,all_sessions,full_graph,S1_LOW_SOC_STRESS,LogisticRegression,0.38000000000000006
0,0,0.0,25,0,0.0,,,,10,all_sessions,full_graph,S1_LOW_SOC_STRESS,ExtraTrees,0.42000000000000004
0,0,0.0,25,0,0.0,,,,10,all_sessions,full_graph,S1_LOW_SOC_STRESS,RandomForest,0.36000000000000004
0,0,0.0,25,0,0.0,,,,10,all_sessions,full_graph,S1_LOW_SOC_STRESS,HistGradientBoosting,0.42000000000000004
1,1,14.516129032258064,0,0,,,,,10,all_sessions,full_graph,S2_HIGH_SOC_CONTROL,LogisticRegression,0.2
0,0,0.0,0,0,,,,,10,all_sessions,full_graph,S2_HIGH_SOC_CONTROL,ExtraTrees,0.28
0,0,0.0,0,0,,,,,10,all_sessions,full_graph,S2_HIGH_SOC_CONTROL,RandomForest,0.36000000000000004
0,0,0.0,0,0,,,,,10,all_sessions,full_graph,S2_HIGH_SOC_CONTROL,HistGradientBoosting,0.38000000000000006
18,17,58.5645933014354,10,2,0.2,7.5,1.0,1.0,10,all_sessions,full_graph,S3_MEDIUM_SOC_WHOLETESTING,LogisticRegression,0.22000000000000003
13,12,41.33971291866028,10,2,0.2,7.5,1.0,1.0,10,all_sessions,full_graph,S3_MEDIUM_SOC_WHOLETESTING,ExtraTrees,0.32000000000000006
14,13,44.784688995215305,10,2,0.2,7.5,1.0,1.0,10,all_sessions,full_graph,S3_MEDIUM_SOC_WHOLETESTING,RandomForest,0.32000000000000006
4,3,10.33492822966507,10,2,0.2,7.5,1.0,1.0,10,all_sessions,full_graph,S3_MEDIUM_SOC_WHOLETESTING,HistGradientBoosting,0.6200000000000001
13,4,5.6537102473498235,32,12,0.375,9.5,0.8333333333333334,0.8333333333333334,10,all_sessions,full_graph,S4_SAFETY_RICH_NAVEEN12,LogisticRegression,0.14
11,3,4.240282685512367,32,10,0.3125,5.5,0.8,0.7,10,all_sessions,full_graph,S4_SAFETY_RICH_NAVEEN12,ExtraTrees,0.28
13,2,2.8268551236749118,32,12,0.375,6.0,0.8333333333333334,0.75,10,all_sessions,full_graph,S4_SAFETY_RICH_NAVEEN12,RandomForest,0.30000000000000004
14,2,2.8268551236749118,32,12,0.375,8.0,1.0,0.9166666666666666,10,all_sessions,full_graph,S4_SAFETY_RICH_NAVEEN12,HistGradientBoosting,0.36000000000000004
3,3,18.652849740932645,0,0,,,,,10,all_sessions,full_graph,S5_REAL_TMS_JULY10,LogisticRegression,0.24000000000000005
0,0,0.0,0,0,,,,,10,all_sessions,full_graph,S5_REAL_TMS_JULY10,ExtraTrees,0.26
0,0,0.0,0,0,,,,,10,all_sessions,full_graph,S5_REAL_TMS_JULY10,RandomForest,0.5200000000000001
0,0,0.0,0,0,,,,,10,all_sessions,full_graph,S5_REAL_TMS_JULY10,HistGradientBoosting,0.18000000000000002
0,0,0.0,25,0,0.0,,,,10,all_sessions,engineering_baseline,S1_LOW_SOC_STRESS,AlwaysNegative,0.5
0,0,0.0,25,0,0.0,,,,10,all_sessions,engineering_baseline,S1_LOW_SOC_STRESS,PersistenceH0,0.5
0,0,0.0,0,0,,,,,10,all_sessions,engineering_baseline,S2_HIGH_SOC_CONTROL,AlwaysNegative,0.5
0,0,0.0,0,0,,,,,10,all_sessions,engineering_baseline,S2_HIGH_SOC_CONTROL,PersistenceH0,0.5
0,0,0.0,10,0,0.0,,,,10,all_sessions,engineering_baseline,S3_MEDIUM_SOC_WHOLETESTING,AlwaysNegative,0.5
0,0,0.0,10,0,0.0,,,,10,all_sessions,engineering_baseline,S3_MEDIUM_SOC_WHOLETESTING,PersistenceH0,0.5
0,0,0.0,32,0,0.0,,,,10,all_sessions,engineering_baseline,S4_SAFETY_RICH_NAVEEN12,AlwaysNegative,0.5
0,0,0.0,32,0,0.0,,,,10,all_sessions,engineering_baseline,S4_SAFETY_RICH_NAVEEN12,PersistenceH0,0.5
0,0,0.0,0,0,,,,,10,all_sessions,engineering_baseline,S5_REAL_TMS_JULY10,AlwaysNegative,0.5
0,0,0.0,0,0,,,,,10,all_sessions,engineering_baseline,S5_REAL_TMS_JULY10,PersistenceH0,0.5
60,28,84.7771236333053,25,25,1.0,6.0,0.8,0.6,20,all_sessions,full_graph,S1_LOW_SOC_STRESS,LogisticRegression,0.24000000000000005
40,9,27.249789739276704,25,25,1.0,6.0,0.8,0.68,20,all_sessions,full_graph,S1_LOW_SOC_STRESS,ExtraTrees,0.32000000000000006
37,7,21.194280908326323,25,25,1.0,6.0,0.8,0.64,20,all_sessions,full_graph,S1_LOW_SOC_STRESS,RandomForest,0.32000000000000006
38,8,24.222035323801514,25,25,1.0,4.0,0.8,0.48,20,all_sessions,full_graph,S1_LOW_SOC_STRESS,HistGradientBoosting,0.28
5,5,193.5483870967742,0,0,,,,,20,all_sessions,full_graph,S2_HIGH_SOC_CONTROL,LogisticRegression,0.26
0,0,0.0,0,0,,,,,20,all_sessions,full_graph,S2_HIGH_SOC_CONTROL,ExtraTrees,0.4000000000000001
0,0,0.0,0,0,,,,,20,all_sessions,full_graph,S2_HIGH_SOC_CONTROL,RandomForest,0.44000000000000006
0,0,0.0,0,0,,,,,20,all_sessions,full_graph,S2_HIGH_SOC_CONTROL,HistGradientBoosting,0.4600000000000001
22,17,72.51184834123222,10,6,0.6,1.0,0.3333333333333333,0.16666666666666666,20,all_sessions,full_graph,S3_MEDIUM_SOC_WHOLETESTING,LogisticRegression,0.28
31,22,93.8388625592417,10,10,1.0,1.0,0.3,0.2,20,all_sessions,full_graph,S3_MEDIUM_SOC_WHOLETESTING,ExtraTrees,0.22000000000000003
11,10,42.654028436018955,10,2,0.2,12.5,1.0,1.0,20,all_sessions,full_graph,S3_MEDIUM_SOC_WHOLETESTING,RandomForest,0.38000000000000006
17,11,46.91943127962085,10,7,0.7,1.0,0.42857142857142855,0.2857142857142857,20,all_sessions,full_graph,S3_MEDIUM_SOC_WHOLETESTING,HistGradientBoosting,0.36000000000000004
39,16,26.790697674418606,32,24,0.75,3.0,0.625,0.375,20,all_sessions,full_graph,S4_SAFETY_RICH_NAVEEN12,LogisticRegression,0.1
21,7,11.720930232558139,32,16,0.5,6.5,0.875,0.75,20,all_sessions,full_graph,S4_SAFETY_RICH_NAVEEN12,ExtraTrees,0.24000000000000005
19,5,8.372093023255815,32,17,0.53125,4.0,0.8823529411764706,0.47058823529411764,20,all_sessions,full_graph,S4_SAFETY_RICH_NAVEEN12,RandomForest,0.26
14,2,3.3488372093023258,32,13,0.40625,8.0,0.8461538461538461,0.7692307692307693,20,all_sessions,full_graph,S4_SAFETY_RICH_NAVEEN12,HistGradientBoosting,0.28
15,15,146.7391304347826,0,0,,,,,20,all_sessions,full_graph,S5_REAL_TMS_JULY10,LogisticRegression,0.28
13,13,127.17391304347825,0,0,,,,,20,all_sessions,full_graph,S5_REAL_TMS_JULY10,ExtraTrees,0.36000000000000004
0,0,0.0,0,0,,,,,20,all_sessions,full_graph,S5_REAL_TMS_JULY10,RandomForest,0.5200000000000001
0,0,0.0,0,0,,,,,20,all_sessions,full_graph,S5_REAL_TMS_JULY10,HistGradientBoosting,0.26
0,0,0.0,25,0,0.0,,,,20,all_sessions,engineering_baseline,S1_LOW_SOC_STRESS,AlwaysNegative,0.5
0,0,0.0,25,0,0.0,,,,20,all_sessions,engineering_baseline,S1_LOW_SOC_STRESS,PersistenceH0,0.5
0,0,0.0,0,0,,,,,20,all_sessions,engineering_baseline,S2_HIGH_SOC_CONTROL,AlwaysNegative,0.5
0,0,0.0,0,0,,,,,20,all_sessions,engineering_baseline,S2_HIGH_SOC_CONTROL,PersistenceH0,0.5
0,0,0.0,10,0,0.0,,,,20,all_sessions,engineering_baseline,S3_MEDIUM_SOC_WHOLETESTING,AlwaysNegative,0.5
0,0,0.0,10,0,0.0,,,,20,all_sessions,engineering_baseline,S3_MEDIUM_SOC_WHOLETESTING,PersistenceH0,0.5
0,0,0.0,32,0,0.0,,,,20,all_sessions,engineering_baseline,S4_SAFETY_RICH_NAVEEN12,AlwaysNegative,0.5
0,0,0.0,32,0,0.0,,,,20,all_sessions,engineering_baseline,S4_SAFETY_RICH_NAVEEN12,PersistenceH0,0.5
0,0,0.0,0,0,,,,,20,all_sessions,engineering_baseline,S5_REAL_TMS_JULY10,AlwaysNegative,0.5
0,0,0.0,0,0,,,,,20,all_sessions,engineering_baseline,S5_REAL_TMS_JULY10,PersistenceH0,0.5
