horizon_s,variant,feature_set,model,folds,positive_test_folds,pr_auc_evaluable_folds,test_rows,macro_f1_mean,pr_auc_mean,f1_positive_mean,recall_mean,brier_mean,macro_f1_sd,pr_auc_sd,f1_positive_sd,recall_sd,brier_sd
0,all_sessions,engineering_baseline,AlwaysNegative,5,3,3,10607,0.462022348501002,0.21934218952356874,0.0,0.0,0.13160531371414125,0.04416068058203339,0.117788913167229,0.0,0.0,0.14618622665646872
0,all_sessions,full_graph,ExtraTrees,5,3,3,10607,0.676238644806552,0.8225240361849157,0.40058071841977094,0.3754296315679211,0.05423439752244737,0.1640835272382603,0.1339760949405884,0.37124434604177625,0.34356804967851146,0.05330445532431335
0,all_sessions,full_graph,HistGradientBoosting,5,3,3,10607,0.705847286621898,0.8369374381217648,0.44107310456776394,0.4142801624200487,0.035814045039542504,0.20010098102415513,0.11865246378659687,0.42216631431023977,0.40882844794818407,0.03539807167338955
0,all_sessions,full_graph,LogisticRegression,5,3,3,10607,0.6518408238741108,0.8207486619013373,0.3617903103634073,0.3405123897063874,0.05766166275362006,0.17617880338182812,0.11853341087317798,0.371065571980617,0.36469278790583076,0.02379440188510426
0,all_sessions,full_graph,RandomForest,5,3,3,10607,0.6942947402492013,0.8292900697864433,0.4268513026255178,0.42842627263302224,0.04042555706121352,0.1905427965822884,0.11813194124502788,0.40927845677344726,0.41145565688211605,0.037244759958983305
5,all_sessions,engineering_baseline,AlwaysNegative,5,3,3,7204,0.49398369163149153,0.03925456484745402,0.0,0.0,0.023552738908472415,0.006055348446734581,0.01391857497452643,0.0,0.0,0.0236461333640333
5,all_sessions,engineering_baseline,PersistenceH0,5,3,3,7204,0.49398369163149153,0.03925456484745402,0.0,0.0,0.023552738908472415,0.006055348446734581,0.01391857497452643,0.0,0.0,0.0236461333640333
5,all_sessions,engineering_baseline,RuleEuclidean,5,3,3,7204,0.5852512576124766,0.1704473610123053,0.203572033990394,0.39110777819439235,0.061471281197394756,0.08804837341932076,0.04512688966817983,0.1951142693630697,0.40562894448976394,0.052204184364153576
5,all_sessions,engineering_baseline,RuleGraph,5,3,3,7204,0.6012709434356116,0.20638672751493717,0.23165178642969586,0.43122609673790774,0.05455637538058011,0.09825545027342021,0.04925458549192009,0.21616844514517297,0.4311730699250542,0.040129004745207426
5,all_sessions,euclidean_only,ExtraTrees,5,3,3,7204,0.5813035070141837,0.5368732213444473,0.17441351266812638,0.18034412365121025,0.019621886794613765,0.14014049864078,0.25139800362908604,0.2844993920418333,0.3102807458498311,0.019191546071703234
5,all_sessions,euclidean_only,HistGradientBoosting,5,3,3,7204,0.6150798835981715,0.5573184392723626,0.24471566325013505,0.23698537682789653,0.017252912103603142,0.13148899169792652,0.2292221772203719,0.2699145556354019,0.2371464012848691,0.015806985597560382
5,all_sessions,euclidean_only,LogisticRegression,5,3,3,7204,0.6276050601595835,0.4302282844420184,0.2707068008430552,0.31492896721243174,0.018650206878825296,0.13695918237054638,0.24927974123414454,0.28427288623030517,0.3055485607058275,0.0174565376733741
5,all_sessions,euclidean_only,RandomForest,5,3,3,7204,0.5854661867776152,0.5870716364893219,0.18417411048989996,0.1655626380035829,0.016161210149398513,0.09752994031223389,0.17412115456821978,0.20360473877609228,0.1873378184616386,0.015089489492910614
5,all_sessions,full_graph,ExtraTrees,5,3,3,7204,0.6022090143137186,0.5191025674307415,0.21500000000000002,0.20163312919218432,0.019539318313074018,0.15357760701615966,0.2565075686995039,0.3100403199585499,0.2918378963032183,0.01966603642763088
5,all_sessions,full_graph,HistGradientBoosting,5,3,3,7204,0.6496144705785073,0.5483166678260755,0.31014591874404956,0.3103112110986127,0.016053763231109592,0.15605740633606957,0.279568015274823,0.3201687280814132,0.31376841060778454,0.014797662524173099
5,all_sessions,full_graph,LogisticRegression,5,3,3,7204,0.5971131993241896,0.3509566564427831,0.21052064385641134,0.22230054576511268,0.01908576554005173,0.09459058740639076,0.25017901032573114,0.20304448124987834,0.20560733452226218,0.018088985032246402
5,all_sessions,full_graph,RandomForest,5,3,3,7204,0.6462136022897175,0.5836545225169631,0.30205348030210244,0.2624688580594092,0.015263521899674925,0.14236396372731444,0.25850606337168675,0.29369318958498086,0.27081165342366686,0.014239089105051998
5,all_sessions,full_graph_no_soc,ExtraTrees,5,3,3,7204,0.6036518245870683,0.5804255446956207,0.21772551772551774,0.20524934383202095,0.0186403848574373,0.1550539489464374,0.21542943517864416,0.3130908276332679,0.30846539743205226,0.019183905723452643
5,all_sessions,full_graph_no_soc,HistGradientBoosting,5,3,3,7204,0.6438277082913694,0.540027836357953,0.3004553010577107,0.32323959505061867,0.016287192783116154,0.1592838313120568,0.29175894539781105,0.32572059520753716,0.3260118034332849,0.014982809362548932
5,all_sessions,full_graph_no_soc,LogisticRegression,5,3,3,7204,0.6055176302664014,0.3634959549412135,0.22665638455112141,0.2371036953714119,0.01853552190728358,0.11622613944259644,0.22419957606010954,0.24238972732557754,0.23202262090380782,0.017563001699193493
5,all_sessions,full_graph_no_soc,RandomForest,5,3,3,7204,0.6737581358902647,0.597745798703527,0.3555309625403664,0.32480106653335,0.01571377139051664,0.17234357134560996,0.2671297774934823,0.3516054007302438,0.33381648781307566,0.014831614112773677
5,all_sessions,no_graph,ExtraTrees,5,3,3,7204,0.5351355089834627,0.4671303725363409,0.08628357701462089,0.09658792650918635,0.02149209294820439,0.054119338748737915,0.17380941124442534,0.11818156738029598,0.14734909071528124,0.020292747672932872
5,all_sessions,no_graph,HistGradientBoosting,5,3,3,7204,0.6002032585824114,0.46682425436160435,0.2159198716658713,0.23307086614173228,0.018890519913524605,0.12684014847633507,0.1540264127114619,0.26109385432576404,0.27896570892287925,0.017600456660940383
5,all_sessions,no_graph,LogisticRegression,5,3,3,7204,0.6211562411958065,0.4600635725842521,0.25729564553093964,0.2939015956338791,0.018660568846949457,0.1250731964744993,0.24547920026150605,0.26209020997389093,0.2999817208591181,0.01758136672061581
5,all_sessions,no_graph,RandomForest,5,3,3,7204,0.6060077809398327,0.4879773655198228,0.22993470204432237,0.2640253301670624,0.018450486821736816,0.12288895146164051,0.1896438249590968,0.25481876988879737,0.2651487836027714,0.017150536153983445
5,annotated_sessions,full_graph,ExtraTrees,4,2,2,6045,0.5417667684089043,0.6486306404718015,0.09451219512195122,0.0610236220472441,0.014819475893085474,0.09207432686923103,0.04564355559053327,0.18902439024390244,0.1220472440944882,0.01741533791248903
5,annotated_sessions,full_graph,HistGradientBoosting,4,2,2,6045,0.6662118076990897,0.6637438332676472,0.34117522145370704,0.38078365204349457,0.013000551897522677,0.1924061997483398,0.013946726008408523,0.39488095740727686,0.44410877347089434,0.015005367260939838
5,annotated_sessions,full_graph,LogisticRegression,4,2,2,6045,0.5917580819606298,0.40302642008568557,0.2078163205722419,0.28023997000374956,0.03477277957196366,0.12589470779937953,0.253518366453627,0.2661429520313029,0.32359533545550767,0.04943362151654271
5,annotated_sessions,full_graph,RandomForest,4,2,2,6045,0.668805476108366,0.7123412826159563,0.3455505279034691,0.3549118860142482,0.01073671541539075,0.1953846078132936,0.10390813660273691,0.3997821136491036,0.4099899475481608,0.012587166169682449
5,recorded_route_only,full_graph,ExtraTrees,2,0,0,1094,0.5,,0.0,0.0,1.957702206805037e-09,0.0,,0.0,0.0,2.5111781412953156e-09
5,recorded_route_only,full_graph,HistGradientBoosting,2,0,0,1094,0.5,,0.0,0.0,3.2568504305735733e-07,0.0,,0.0,0.0,8.158024446086691e-08
5,recorded_route_only,full_graph,LogisticRegression,2,0,0,1094,0.5,,0.0,0.0,1.864541627061921e-05,0.0,,0.0,0.0,1.064979106339251e-05
5,recorded_route_only,full_graph,RandomForest,2,0,0,1094,0.5,,0.0,0.0,1.0458331885437778e-08,0.0,,0.0,0.0,1.0571045390871581e-08
10,all_sessions,engineering_baseline,AlwaysNegative,5,3,3,6151,0.48775605237564107,0.07784033493923492,0.0,0.0,0.04670420096354096,0.013645751952259614,0.041264634469607715,0.0,0.0,0.05166353019288221
10,all_sessions,engineering_baseline,PersistenceH0,5,3,3,6151,0.48775605237564107,0.07784033493923492,0.0,0.0,0.04670420096354096,0.013645751952259614,0.041264634469607715,0.0,0.0,0.05166353019288221
10,all_sessions,full_graph,ExtraTrees,5,3,3,6151,0.5473126082715322,0.650524445677255,0.12570323488045004,0.156478578892372,0.04184736981810825,0.0847732047533306,0.12329776980230232,0.1807786451641886,0.231501247360417,0.045355362097142846
10,all_sessions,full_graph,HistGradientBoosting,5,3,3,6151,0.5843455250394798,0.6570971901696796,0.19045628700801115,0.1546760710553814,0.035911111785707474,0.12971727766609045,0.1817263114486534,0.26175431558541123,0.21345695972987233,0.03823584293861148
10,all_sessions,full_graph,LogisticRegression,5,3,3,6151,0.5781396581970689,0.4776008482426655,0.19146149949341437,0.21252285788923722,0.038769668247063,0.09021725205602216,0.22607022383210937,0.19843628547815004,0.23138458386161764,0.03636525196937437
10,all_sessions,full_graph,RandomForest,5,3,3,6151,0.5551293751955344,0.6588385960729998,0.13845250173546217,0.15386624869383492,0.03949622234084617,0.0949768185983906,0.14223285420034587,0.198636113201911,0.22228044267138292,0.041760274678456694
20,all_sessions,engineering_baseline,AlwaysNegative,5,3,3,4644,0.4693040486071248,0.18028003215114263,0.0,0.0,0.10816801929068558,0.03807282062869404,0.12175348000388295,0.0,0.0,0.13100466382634274
20,all_sessions,engineering_baseline,PersistenceH0,5,3,3,4644,0.4693040486071248,0.18028003215114263,0.0,0.0,0.10816801929068558,0.03807282062869404,0.12175348000388295,0.0,0.0,0.13100466382634274
20,all_sessions,full_graph,ExtraTrees,5,3,3,4644,0.5813286650935234,0.48064147582418165,0.26606415365821434,0.362968987204511,0.09973405294776157,0.13423015338644087,0.21508198474149984,0.2766440037601572,0.4217962866002409,0.0632665464749193
20,all_sessions,full_graph,HistGradientBoosting,5,3,3,4644,0.6003332436914685,0.5687817204856519,0.26029995637533776,0.30415765131914074,0.08064837254896728,0.09766789858815941,0.11364269170589412,0.25160117847787605,0.3596459437285792,0.07706649553706296
20,all_sessions,full_graph,LogisticRegression,5,3,3,4644,0.5037934855102418,0.38845104188673557,0.23660638779193457,0.31059713122815513,0.12161557388394832,0.1892084033229261,0.19711234694577495,0.2506327168433928,0.3323955868808122,0.05147672936646273
20,all_sessions,full_graph,RandomForest,5,3,3,4644,0.5922394014914579,0.5158285957275854,0.24635814956099655,0.27780207088206665,0.08230244743560369,0.10463368644902618,0.20707368845249935,0.25971170964221946,0.30848727358625777,0.07627855786837126
