session,timestamp,mission_leg_id,target_node,target_reached,active_mission,speed_mps,state_speed_mean_10s,state_stop_share_10s,state_cartesian_displacement_10s_m,soc,graph_remaining_m,euclidean_remaining_m,route_completion,degradation_candidate,current_degraded,mission_state,route_source,near_target_003m
S1_LOW_SOC_STRESS,2026-06-22 15:14:24,S1_LOW_SOC_STRESS_L31,6.0,False,1,0.0,0.0,1.0,0.0012989044189417598,58.0,21.960301835648984,19.814431440985803,0.13541669305846515,1.0,1.0,STALLED,recorded,0
S1_LOW_SOC_STRESS,2026-06-22 15:30:32,S1_LOW_SOC_STRESS_L135,6.0,False,1,0.0,0.0,1.0,0.017616681832102982,56.0,14.725066070728742,11.143474889155122,0.09046284064898624,1.0,1.0,STALLED,recorded,0
S1_LOW_SOC_STRESS,2026-06-22 15:37:14,S1_LOW_SOC_STRESS_L166,6.0,False,1,0.0,0.0,1.0,0.02732229085906359,55.0,14.718617964279723,11.148421994139158,0.0,1.0,1.0,STALLED,recorded,0
S1_LOW_SOC_STRESS,2026-06-22 15:44:27,S1_LOW_SOC_STRESS_L211,6.0,False,1,0.0,0.0,1.0,0.0037190190897645435,54.0,14.887068514441431,11.008262729473033,0.0011978053813234135,1.0,1.0,STALLED,recorded,0
S1_LOW_SOC_STRESS,2026-06-22 15:50:28,S1_LOW_SOC_STRESS_L242,6.0,False,1,0.0,0.0,1.0,0.0,53.0,20.616448733307685,15.39050672396174,0.1352394162607301,1.0,1.0,STALLED,recorded,0
S1_LOW_SOC_STRESS,2026-06-22 15:52:43,S1_LOW_SOC_STRESS_L250,6.0,False,1,0.0,0.0,1.0,0.0013415483587957725,53.0,14.643161043701676,11.219052171861874,0.10617048001799911,1.0,1.0,STALLED,recorded,0
S1_LOW_SOC_STRESS,2026-06-22 15:57:26,S1_LOW_SOC_STRESS_L275,2.0,False,1,0.0,0.0,1.0,0.010523263361337068,52.0,3.6244275715508714,3.4443351707326175,0.46112217401761113,1.0,1.0,STALLED,recorded,0
S1_LOW_SOC_STRESS,2026-06-22 16:06:15,S1_LOW_SOC_STRESS_L294,3.0,False,1,0.0,0.0,1.0,0.0,50.0,2.1946099112210953,0.8272977221463942,0.46285091377287146,1.0,1.0,STALLED,recorded,0
S1_LOW_SOC_STRESS,2026-06-22 16:10:50,S1_LOW_SOC_STRESS_L318,6.0,False,1,0.0,0.0,1.0,0.0025997161865234375,50.0,12.128389923918384,5.751263938651069,0.0,1.0,1.0,STALLED,recorded,0
S1_LOW_SOC_STRESS,2026-06-22 16:13:51,S1_LOW_SOC_STRESS_L322,4.0,False,1,0.0,0.0,1.0,0.002958336773927688,49.0,11.412663872687688,8.97362304729761,0.43454377785287646,1.0,1.0,STALLED,recorded,0
S1_LOW_SOC_STRESS,2026-06-22 16:16:46,S1_LOW_SOC_STRESS_L331,1.0,False,1,0.0,0.0,1.0,0.007650375366207385,49.0,9.710831396403947,1.7397055242417994,0.0,1.0,1.0,STALLED,recorded,0
S1_LOW_SOC_STRESS,2026-06-22 16:24:46,S1_LOW_SOC_STRESS_L414,24.0,False,1,0.0,0.0,1.0,0.0012998580932617188,48.0,9.05667623458499,3.686401497363083,0.0,1.0,1.0,STALLED,recorded,0
S1_LOW_SOC_STRESS,2026-06-22 16:29:02,S1_LOW_SOC_STRESS_L428,2.0,False,1,0.0,0.0,1.0,0.011771663501272166,48.0,4.237158046187291,4.00495642684896,0.5372417441954966,1.0,1.0,STALLED,recorded,0
S1_LOW_SOC_STRESS,2026-06-22 16:41:24,S1_LOW_SOC_STRESS_L473,3.0,False,1,0.0,0.0,1.0,0.001300811767578125,43.0,6.586229539266368,4.676875785733451,0.0,1.0,1.0,STALLED,recorded,0
S1_LOW_SOC_STRESS,2026-06-22 16:47:40,S1_LOW_SOC_STRESS_L518,6.0,False,1,0.0,0.0,1.0,0.0,40.0,1.585213847626295,1.451130040826379,0.8599779878035143,1.0,1.0,STALLED,recorded,0
S1_LOW_SOC_STRESS,2026-06-22 16:51:12,S1_LOW_SOC_STRESS_L520,1.0,False,1,0.0,0.0,1.0,0.001300811767578125,37.0,4.710951684602928,2.3110013486092282,0.8080144188625167,1.0,1.0,STALLED,recorded,0
S1_LOW_SOC_STRESS,2026-06-22 16:57:21,S1_LOW_SOC_STRESS_L533,2.0,False,1,0.0,0.0,1.0,0.0012998580932617188,34.0,14.386825549487332,13.4292871340779,0.3936896486142315,1.0,1.0,STALLED,recorded,0
S1_LOW_SOC_STRESS,2026-06-22 16:57:53,S1_LOW_SOC_STRESS_L535,2.0,False,1,0.0,0.0,1.0,0.0012998580932617188,34.0,14.3858473186516,13.430433176040212,0.0,1.0,1.0,STALLED,recorded,0
S1_LOW_SOC_STRESS,2026-06-22 17:00:39,S1_LOW_SOC_STRESS_L547,5.0,False,1,0.0,0.0,1.0,0.0,32.0,20.43478492086163,16.574180521829486,0.0,1.0,1.0,STALLED,recorded,0
S1_LOW_SOC_STRESS,2026-06-22 17:03:10,S1_LOW_SOC_STRESS_L549,5.0,False,1,0.0,0.0,1.0,0.0013000965118408203,30.0,2.8708379168450744,2.146691745927405,0.6925805963248399,1.0,1.0,STALLED,recorded,0
S1_LOW_SOC_STRESS,2026-06-22 17:04:00,S1_LOW_SOC_STRESS_L551,5.0,False,1,0.0,0.0,1.0,0.0012998580932617188,30.0,2.8638196466012333,2.1417411334405814,0.0,1.0,1.0,STALLED,recorded,0
S1_LOW_SOC_STRESS,2026-06-22 17:07:31,S1_LOW_SOC_STRESS_L565,4.0,False,1,0.0,0.0,1.0,0.004111266224588341,27.0,2.4096780489508887,1.8227473067986297,0.6145664876681339,1.0,1.0,STALLED,recorded,0
S1_LOW_SOC_STRESS,2026-06-22 17:08:22,S1_LOW_SOC_STRESS_L567,4.0,False,1,0.0,0.0,1.0,0.0039005279541015625,27.0,2.4070904870730674,1.821722320547642,0.00245179895662051,1.0,1.0,STALLED,recorded,0
S1_LOW_SOC_STRESS,2026-06-22 17:12:35,S1_LOW_SOC_STRESS_L581,2.0,False,1,0.0,0.0,1.0,0.0,22.0,16.7325473629621,16.21616974595415,0.29483837770571975,1.0,1.0,STALLED,recorded,0
S1_LOW_SOC_STRESS,2026-06-22 17:18:56,S1_LOW_SOC_STRESS_L620,5.0,False,1,0.0,0.0,1.0,0.0013000965118408203,7.0,2.8453896594079744,2.128638426751848,0.803326935199017,1.0,1.0,STALLED,recorded,0
S3_MEDIUM_SOC_WHOLETESTING,2026-03-01 00:19:30,S3_MEDIUM_SOC_WHOLETESTING_L22,4.0,False,1,0.0887009,0.009271664419696969,0.9,0.010266469076844606,47.0,4.074949560973776,0.7508711984761415,0.007242476586724611,1.0,1.0,STALLED,reconstructed_shortest,0
S3_MEDIUM_SOC_WHOLETESTING,2026-03-01 00:20:10,S3_MEDIUM_SOC_WHOLETESTING_L24,5.0,False,1,0.0023752833333333333,0.0006423255424242424,1.0,0.015717707673867903,47.0,19.310271722122778,15.837347369898797,0.0004994745208337648,1.0,1.0,STALLED,reconstructed_shortest,0
S3_MEDIUM_SOC_WHOLETESTING,2026-03-01 00:22:47,S3_MEDIUM_SOC_WHOLETESTING_L28,32.0,False,1,0.000425423,0.0004254236818181818,1.0,0.023494643473564527,46.0,3.195426442646111,2.8010890204053447,0.004107265113680758,1.0,1.0,STALLED,reconstructed_shortest,0
S3_MEDIUM_SOC_WHOLETESTING,2026-03-01 00:29:40,S3_MEDIUM_SOC_WHOLETESTING_L44,5.0,False,1,0.0,0.0,1.0,0.004408780471524512,45.0,2.5435324619172235,1.665919342076369,0.41108062497754894,1.0,1.0,STALLED,reconstructed_shortest,0
S3_MEDIUM_SOC_WHOLETESTING,2026-03-01 00:30:05,S3_MEDIUM_SOC_WHOLETESTING_L44,5.0,False,1,0.0,1.933736363636364e-05,1.0,0.018304524051855453,45.0,2.4082511812512406,1.752155204102011,0.4424031138605865,1.0,1.0,STALLED,reconstructed_shortest,0
S3_MEDIUM_SOC_WHOLETESTING,2026-03-01 00:32:15,S3_MEDIUM_SOC_WHOLETESTING_L46,2.0,False,1,0.03368584454545454,0.0029857029818181812,0.9,0.01803281170623955,44.0,22.45389106690404,20.52114988775193,0.0007694394315449493,1.0,1.0,STALLED,reconstructed_shortest,0
S3_MEDIUM_SOC_WHOLETESTING,2026-03-01 00:35:04,S3_MEDIUM_SOC_WHOLETESTING_L50,1.0,False,1,0.01821588072727273,0.0022267077643939393,1.0,0.025662422934631904,42.0,6.212246062047429,4.822419835982272,0.0027684836197456875,1.0,1.0,STALLED,reconstructed_shortest,0
S3_MEDIUM_SOC_WHOLETESTING,2026-03-01 00:36:45,S3_MEDIUM_SOC_WHOLETESTING_L54,2.0,False,1,0.00028361466666666665,0.00041124275757575753,1.0,0.021740719088750388,42.0,6.726645781463599,4.739324992759519,0.0007837801816641399,1.0,1.0,STALLED,reconstructed_shortest,0
S3_MEDIUM_SOC_WHOLETESTING,2026-03-01 00:38:59,S3_MEDIUM_SOC_WHOLETESTING_L60,1.0,False,1,0.008260315833333334,0.0004199451106060606,1.0,0.019440149977273145,41.0,5.388254263669017,4.1754655421402616,0.0,1.0,1.0,STALLED,reconstructed_shortest,0
S3_MEDIUM_SOC_WHOLETESTING,2026-03-01 00:41:58,S3_MEDIUM_SOC_WHOLETESTING_L64,2.0,False,1,0.0004254230833333333,0.0004486288507575758,1.0,0.02256167386548617,39.0,23.71553841004379,21.978555434395627,0.00032470772632675615,1.0,1.0,STALLED,reconstructed_shortest,0
S4_SAFETY_RICH_NAVEEN12,2026-03-01 00:36:47,S4_SAFETY_RICH_NAVEEN12_L3,5.0,False,1,0.0,0.0,1.0,0.003225279265825336,66.0,3.2768896033220405,2.188208769170138,0.24087095915603163,1.0,1.0,STALLED,reconstructed_shortest,0
S4_SAFETY_RICH_NAVEEN12,2026-03-01 00:37:18,S4_SAFETY_RICH_NAVEEN12_L3,5.0,False,1,0.0,0.0,1.0,0.0014176363636364542,66.0,0.007217473034241317,0.007217473034241317,0.9983279896349738,1.0,1.0,STALLED,reconstructed_shortest,1
S4_SAFETY_RICH_NAVEEN12,2026-03-01 00:40:07,S4_SAFETY_RICH_NAVEEN12_L7,5.0,False,1,0.0,0.0,1.0,0.016546298679765273,66.0,2.948795415732029,2.606280828715509,0.0,1.0,1.0,STALLED,reconstructed_shortest,0
S4_SAFETY_RICH_NAVEEN12,2026-03-01 00:43:03,S4_SAFETY_RICH_NAVEEN12_L9,5.0,False,1,0.0,0.0,1.0,0.002275000000000249,65.0,0.004316046338954238,0.004316046338954238,0.9985507811103879,1.0,1.0,STALLED,reconstructed_shortest,1
S4_SAFETY_RICH_NAVEEN12,2026-03-01 00:44:43,S4_SAFETY_RICH_NAVEEN12_L11,32.0,False,1,0.0,0.0,1.0,0.0036272535793534155,65.0,7.442686041665796,7.393804829395659,0.0,1.0,1.0,STALLED,reconstructed_shortest,0
S4_SAFETY_RICH_NAVEEN12,2026-03-01 00:47:46,S4_SAFETY_RICH_NAVEEN12_L12,35.0,False,1,0.0,0.0,1.0,0.0016545454545454572,65.0,0.014961869279903185,0.014961869279903185,0.9894601774478632,1.0,1.0,STALLED,reconstructed_shortest,1
S4_SAFETY_RICH_NAVEEN12,2026-03-01 00:51:47,S4_SAFETY_RICH_NAVEEN12_L14,26.0,False,1,0.0,0.0,1.0,0.0023441631769141338,64.0,0.027103707569260803,0.027103707569260803,0.9825402808763006,1.0,1.0,STALLED,reconstructed_shortest,1
S4_SAFETY_RICH_NAVEEN12,2026-03-01 00:55:02,S4_SAFETY_RICH_NAVEEN12_L16,33.0,False,1,0.0,0.0,1.0,0.0005909090909090912,63.0,0.009672826288003155,0.009672826288003155,0.9964281629025347,1.0,1.0,STALLED,reconstructed_shortest,1
S4_SAFETY_RICH_NAVEEN12,2026-03-01 00:59:03,S4_SAFETY_RICH_NAVEEN12_L18,6.0,False,1,0.0,0.0,1.0,0.0013179417455048896,62.0,0.0022904767000802065,0.0022904767000802065,0.9999041503851793,1.0,1.0,STALLED,reconstructed_shortest,1
S4_SAFETY_RICH_NAVEEN12,2026-03-01 01:02:13,S4_SAFETY_RICH_NAVEEN12_L21,2.0,False,1,0.09084736363636364,0.009460527463636365,0.9,0.01327462533128497,61.0,6.694696581266664,4.733842291594297,0.005015690031333397,1.0,1.0,STALLED,reconstructed_shortest,0
S4_SAFETY_RICH_NAVEEN12,2026-03-01 01:10:08,S4_SAFETY_RICH_NAVEEN12_L27,2.0,False,1,0.0,0.0,1.0,0.00011818181818057383,61.0,0.006708389766270458,0.006708389766270458,0.9997015276874248,1.0,1.0,STALLED,reconstructed_shortest,1
S4_SAFETY_RICH_NAVEEN12,2026-03-01 01:13:26,S4_SAFETY_RICH_NAVEEN12_L32,4.0,False,1,0.0,0.0,1.0,0.003417963610594205,60.0,16.35595058682876,13.679443055617682,0.0,1.0,1.0,STALLED,reconstructed_shortest,0
S4_SAFETY_RICH_NAVEEN12,2026-03-01 01:14:13,S4_SAFETY_RICH_NAVEEN12_L33,5.0,False,1,0.0,0.0,1.0,0.004980551120389388,60.0,3.5893891870942918,2.7071770455973136,0.00015521622249248246,1.0,1.0,STALLED,reconstructed_shortest,0
S4_SAFETY_RICH_NAVEEN12,2026-03-01 01:16:50,S4_SAFETY_RICH_NAVEEN12_L35,4.0,False,1,0.00042542218181818183,0.0004466953196969697,1.0,0.022999351805451953,59.0,6.237099069857004,4.8156415563310775,0.0018840524271341863,1.0,1.0,STALLED,reconstructed_shortest,0
S4_SAFETY_RICH_NAVEEN12,2026-03-01 01:18:10,S4_SAFETY_RICH_NAVEEN12_L37,3.0,False,1,0.0,0.0,1.0,0.005035905249898076,59.0,5.338574419711851,4.124946401456061,0.0008545924346008427,1.0,1.0,STALLED,reconstructed_shortest,0
S4_SAFETY_RICH_NAVEEN12,2026-03-01 01:18:51,S4_SAFETY_RICH_NAVEEN12_L37,3.0,False,1,0.0,0.0,1.0,0.00510008610849239,60.0,5.344741070730529,4.130632875257917,0.0,1.0,1.0,STALLED,reconstructed_shortest,0
S4_SAFETY_RICH_NAVEEN12,2026-03-01 01:19:51,S4_SAFETY_RICH_NAVEEN12_L38,1.0,False,1,0.030359803636363637,0.003418861662121212,0.9,0.02024239087277815,58.0,5.380477422854922,4.145363128661065,0.0012707892401154774,1.0,1.0,STALLED,reconstructed_shortest,0
S4_SAFETY_RICH_NAVEEN12,2026-03-01 01:20:25,S4_SAFETY_RICH_NAVEEN12_L38,1.0,False,1,0.0,0.0,1.0,0.0030659015095262105,59.0,0.00970285172573305,0.00970285172573305,0.9981989476612245,1.0,1.0,STALLED,reconstructed_shortest,1
S4_SAFETY_RICH_NAVEEN12,2026-03-01 01:21:27,S4_SAFETY_RICH_NAVEEN12_L40,13.0,False,1,0.01898938072727273,0.0022818195393939393,1.0,0.01646940399592334,58.0,2.6498429786308395,2.639910574474718,0.003679553052363116,1.0,1.0,STALLED,reconstructed_shortest,0
S4_SAFETY_RICH_NAVEEN12,2026-03-01 01:22:27,S4_SAFETY_RICH_NAVEEN12_L43,16.0,False,1,0.05542114745454545,0.005947878934090908,0.9,0.021619523342426467,58.0,1.934913742742691,1.934773832870799,0.0019334341922416787,1.0,1.0,STALLED,reconstructed_shortest,0
S4_SAFETY_RICH_NAVEEN12,2026-03-01 01:23:34,S4_SAFETY_RICH_NAVEEN12_L47,4.0,False,1,0.019867301400000002,0.0016038485900000004,1.0,0.02457120912809364,58.0,4.094722068381369,0.734937987311174,0.000443960810204147,1.0,1.0,STALLED,reconstructed_shortest,0
S4_SAFETY_RICH_NAVEEN12,2026-03-01 01:24:05,S4_SAFETY_RICH_NAVEEN12_L47,4.0,False,1,0.0,0.0,1.0,0.0017770528524160341,59.0,0.010175452941392157,0.010175452941392157,0.9975160864964199,1.0,1.0,STALLED,reconstructed_shortest,1
S4_SAFETY_RICH_NAVEEN12,2026-03-01 01:24:18,S4_SAFETY_RICH_NAVEEN12_L48,19.0,False,1,0.00023204836363636364,0.00040608623636363635,1.0,0.029376106628145163,58.0,1.8412799649592562,1.7471485116907886,0.0,1.0,1.0,STALLED,reconstructed_shortest,0
S4_SAFETY_RICH_NAVEEN12,2026-03-01 01:27:37,S4_SAFETY_RICH_NAVEEN12_L49,16.0,False,1,0.0,0.0,1.0,0.010856266708736654,58.0,6.18475507224935,5.157194182450414,0.0,1.0,1.0,STALLED,reconstructed_shortest,0
S4_SAFETY_RICH_NAVEEN12,2026-03-01 01:30:00,S4_SAFETY_RICH_NAVEEN12_L51,14.0,False,1,0.0,0.0,1.0,0.004883791480685063,58.0,12.957367039210526,12.417604138770223,0.0,1.0,1.0,STALLED,reconstructed_shortest,0
S4_SAFETY_RICH_NAVEEN12,2026-03-01 01:31:23,S4_SAFETY_RICH_NAVEEN12_L51,14.0,False,1,-0.000425424,-6.187985454544899e-05,1.0,0.006154447626739325,57.0,9.031509648190422,8.556743577989355,0.0,1.0,1.0,STALLED,reconstructed_shortest,0
S4_SAFETY_RICH_NAVEEN12,2026-03-01 01:35:48,S4_SAFETY_RICH_NAVEEN12_L56,14.0,False,1,0.0,0.0,1.0,0.0007004034551598255,57.0,14.320638763101822,13.772055512008146,0.0,1.0,1.0,STALLED,reconstructed_shortest,0
S4_SAFETY_RICH_NAVEEN12,2026-03-01 01:39:18,S4_SAFETY_RICH_NAVEEN12_L58,1.0,False,1,0.0,0.0,1.0,0.006419761873781875,57.0,0.012846843715266907,0.012846843715266907,0.9984681387945941,1.0,1.0,STALLED,reconstructed_shortest,1
S4_SAFETY_RICH_NAVEEN12,2026-03-01 01:39:33,S4_SAFETY_RICH_NAVEEN12_L59,5.0,False,1,0.0004254229090909091,0.00042542358181818176,1.0,0.021796390404089955,56.0,22.431215419904344,20.39348369510165,0.0004101604684517701,1.0,1.0,STALLED,reconstructed_shortest,0
S4_SAFETY_RICH_NAVEEN12,2026-03-01 01:40:06,S4_SAFETY_RICH_NAVEEN12_L59,5.0,False,1,0.0,0.0,1.0,0.000472727272725848,57.0,16.65717468627904,14.809582439505732,0.257715542380644,1.0,1.0,STALLED,reconstructed_shortest,0
S4_SAFETY_RICH_NAVEEN12,2026-03-01 01:43:56,S4_SAFETY_RICH_NAVEEN12_L60,4.0,False,1,0.0,0.0,1.0,0.023904881815643184,56.0,4.855205728839776,3.350910507455304,0.7594904174340827,1.0,1.0,STALLED,reconstructed_shortest,0
S4_SAFETY_RICH_NAVEEN12,2026-03-01 01:45:25,S4_SAFETY_RICH_NAVEEN12_L61,2.0,False,1,-0.00042542359999999996,-0.0004663549009090909,1.0,0.016135068957088116,55.0,7.319988295359922,5.360332601753831,0.0,1.0,1.0,STALLED,reconstructed_shortest,0
